-- phpMyAdmin SQL Dump
-- version 5.0.3
-- https://www.phpmyadmin.net/
--
-- Host: 127.0.0.1
-- Generation Time: Aug 06, 2024 at 11:04 AM
-- Server version: 10.4.14-MariaDB
-- PHP Version: 7.2.34

SET SQL_MODE = "NO_AUTO_VALUE_ON_ZERO";
START TRANSACTION;
SET time_zone = "+00:00";


/*!40101 SET @OLD_CHARACTER_SET_CLIENT=@@CHARACTER_SET_CLIENT */;
/*!40101 SET @OLD_CHARACTER_SET_RESULTS=@@CHARACTER_SET_RESULTS */;
/*!40101 SET @OLD_COLLATION_CONNECTION=@@COLLATION_CONNECTION */;
/*!40101 SET NAMES utf8mb4 */;

--
-- Database: `miguel_cs`
--

-- --------------------------------------------------------

--
-- Table structure for table `categories`
--

CREATE TABLE `categories` (
  `category_id` int(10) UNSIGNED NOT NULL,
  `category_name` varchar(255) NOT NULL,
  `category_status` int(10) NOT NULL,
  `category_added_by` int(10) UNSIGNED DEFAULT NULL,
  `category_created_at` datetime DEFAULT NULL,
  `category_updated_at` datetime DEFAULT NULL,
  `category_deleted_at` datetime DEFAULT NULL,
  `category_location_id` int(10) UNSIGNED DEFAULT NULL
) ENGINE=InnoDB DEFAULT CHARSET=utf8mb4;

--
-- Dumping data for table `categories`
--

INSERT INTO `categories` (`category_id`, `category_name`, `category_status`, `category_added_by`, `category_created_at`, `category_updated_at`, `category_deleted_at`, `category_location_id`) VALUES
(52, 'Office Supplies', 0, 1, '2024-07-10 10:29:34', NULL, NULL, 32),
(53, 'Cleaning Supplies', 0, 2, '2024-07-10 10:29:34', NULL, NULL, 32),
(54, 'Furniture', 0, 3, '2024-07-10 10:29:34', NULL, NULL, 32),
(55, 'Computers', 0, 18, '2024-07-10 10:29:34', NULL, NULL, 32),
(56, 'Printers', 0, 19, '2024-07-10 10:29:34', NULL, NULL, 32),
(57, 'Stationery', 0, 20, '2024-07-10 10:29:34', NULL, NULL, 32),
(58, 'Networking Equipment', 0, 1, '2024-07-10 10:29:34', NULL, NULL, 32),
(59, 'Office Electronics', 0, 2, '2024-07-10 10:29:34', NULL, NULL, 32),
(60, 'Software', 0, 3, '2024-07-10 10:29:34', NULL, NULL, 32);

-- --------------------------------------------------------

--
-- Table structure for table `contacts`
--

CREATE TABLE `contacts` (
  `contact_id` int(10) UNSIGNED NOT NULL,
  `user_id` int(10) UNSIGNED NOT NULL,
  `contact_first_name` varchar(30) NOT NULL,
  `contact_last_name` varchar(30) NOT NULL,
  `contact_company_name` varchar(40) NOT NULL,
  `contact_phone` varchar(20) NOT NULL,
  `contact_email` varchar(40) NOT NULL,
  `contact_is_deleted` int(11) DEFAULT 0,
  `contact_created_at` datetime NOT NULL,
  `contact_updated_at` datetime DEFAULT NULL,
  `contact_deleted_at` datetime DEFAULT NULL,
  `contact_shared_at` datetime DEFAULT NULL
) ENGINE=InnoDB DEFAULT CHARSET=utf8mb4;

--
-- Dumping data for table `contacts`
--

INSERT INTO `contacts` (`contact_id`, `user_id`, `contact_first_name`, `contact_last_name`, `contact_company_name`, `contact_phone`, `contact_email`, `contact_is_deleted`, `contact_created_at`, `contact_updated_at`, `contact_deleted_at`, `contact_shared_at`) VALUES
(2, 1, 'miguel', 'contact1', 'comp', '123', 'test@email.com', 1, '2024-06-24 04:20:57', NULL, NULL, NULL),
(3, 1, 'testshare', 'to-franco', 'comp', '123', 'test@email.com', 1, '2024-06-24 04:21:34', NULL, '2024-06-24 04:23:18', NULL),
(4, 1, 'shared-to', 'franco-test', 'comp', '123', 'test@email.com', 1, '2024-06-24 04:26:27', NULL, '2024-06-24 04:48:42', NULL),
(5, 1, 'shared-to', 'to-franco-test', 'comp', '123', 'test@email.com', 1, '2024-06-24 04:49:02', NULL, '2024-06-24 05:02:00', NULL),
(6, 1, 'shared', 'to-franco', 'comp', '123', 'test@email.com', 1, '2024-06-24 05:02:19', NULL, '2024-06-24 05:13:22', NULL),
(7, 2, 'shared', 'to-franco', 'comp', '123', 'test@email.com', 1, '2024-06-24 05:03:18', NULL, NULL, '2024-06-24 05:03:18'),
(8, 1, 'test-share-fr', 'test', 'comp', '123', 'test@email.com', 1, '2024-06-24 05:13:50', NULL, NULL, NULL),
(9, 2, 'test-share-fr', 'test', 'comp', '123', 'test@email.com', 1, '2024-06-24 05:15:34', NULL, NULL, '2024-06-24 05:15:34'),
(10, 1, 'migs-shared-to-franco', 'test', '123', 'test', 'test@email.com', 1, '2024-06-24 05:40:57', NULL, NULL, NULL),
(11, 2, 'migs-shared-to-franco', 'test', '123', 'test', 'test@email.com', 1, '2024-06-24 05:41:02', NULL, NULL, '2024-06-24 05:41:02'),
(12, 1, 'gihimogasdasd', 'modal', 'comp asdasd', '123', 'test@email.com', 1, '2024-06-24 05:47:11', '2024-06-25 08:29:50', '2024-06-25 08:35:34', NULL),
(13, 2, 'migs-share', 'to-franco', 'comp', '123', 'test@email.com', 0, '2024-06-24 05:47:41', '2024-06-24 05:55:27', NULL, '2024-06-24 05:47:41'),
(14, 2, 'franco', 'to-migs', 'comp', '123', 'test@email.com', 0, '2024-06-24 05:49:18', NULL, NULL, NULL),
(15, 1, 'franco-giedit-ni-migs', 'to-migs', 'comp', '123', 'test@email.com', 1, '2024-06-24 05:49:23', '2024-06-24 05:49:41', '2024-06-24 05:49:57', '2024-06-24 05:49:23'),
(16, 1, 'Drow', 'Ranger', 'Secret Shop', '09255028395', 'drow@email.com', 0, '2024-06-24 05:50:59', '2024-06-26 04:53:11', NULL, NULL),
(17, 1, 'Juggernaut', 'Yurnero', 'Bladekeeper Inc.', '09123456789', 'yurnero@email.com', 0, '2024-06-24 05:51:07', '2024-06-25 09:41:07', NULL, NULL),
(18, 1, 'Lina', 'Inverse', 'FireSoul LLC', '09234567890', 'lina.inverse@email.com', 0, '2024-06-24 05:51:22', '2024-06-28 07:45:41', NULL, NULL),
(19, 1, 'Rylai', 'Crestfall', 'FrostAegis Technologies', '09345678901', 'rylai.crestfall@email.com', 0, '2024-06-24 05:51:34', '2024-06-25 09:42:04', NULL, NULL),
(20, 1, 'Sven', 'Rogueknight', 'GreatCleave Corp.', '09456789012', 'sven.rogueknight@email.com', 0, '2024-06-24 05:51:43', '2024-06-25 09:42:28', NULL, NULL),
(21, 2, 'miguel', 'contact5', 'comp', '123', 'test@email.com', 0, '2024-06-24 05:58:22', NULL, NULL, '2024-06-24 05:58:22'),
(22, 1, 'miguel', 'contact5', 'comp', '123', 'test@email.com', 1, '2024-06-24 05:58:42', NULL, '2024-06-24 05:59:26', '2024-06-24 05:58:42'),
(23, 3, 'migs-share', 'to-franco', 'comp', '123', 'test@email.com', 1, '2024-06-24 07:24:08', NULL, '2024-06-24 07:24:34', '2024-06-24 07:24:08'),
(24, 3, 'migs-sharesssa', 'to-franco', 'comp', '123', 'test@email.com', 1, '2024-06-24 07:48:16', NULL, '2024-07-02 11:55:55', '2024-06-24 07:48:16'),
(25, 1, 'migz', 'testcontact', 'proweaver', '123', 'test@contact.com', 1, '2024-06-24 09:35:40', NULL, '2024-06-25 04:08:11', NULL),
(26, 2, 'migz-edit', 'testcontact', 'proweaver', '123', 'test@contact.com', 0, '2024-06-24 09:50:43', '2024-06-24 09:50:55', NULL, '2024-06-24 09:50:43'),
(27, 1, 'Mirana', 'Nightshade', 'SilverMoon Enterprises', '09567890123', 'mirana.nightshade@email.com', 0, '2024-06-24 10:33:19', '2024-06-25 10:09:39', NULL, NULL),
(28, 1, 'Kael', 'Invoker', 'Arcane Arts Ltd.', '09678901234', 'kael.invoker@email.com', 0, '2024-06-24 10:33:28', '2024-06-25 09:43:13', NULL, NULL),
(29, 1, 'Pudge', 'Butcher', 'FreshMeat LLC', '09789012345', 'pudge.butcher@email.com', 0, '2024-06-24 10:33:36', '2024-06-25 09:43:33', NULL, NULL),
(30, 1, 'Carl', 'Magus', 'Arcane Supremacy Ltd.', '09901234567', 'carl.magus@email.com', 0, '2024-06-24 10:33:45', '2024-06-26 04:07:43', NULL, NULL),
(31, 1, 'test-modalz', 'shareds', 'probonozzz', '09069760403', 'test123@email.comszczxc', 1, '2024-06-24 11:40:54', '2024-06-24 11:42:00', '2024-06-24 11:43:32', NULL),
(32, 2, 'edit-by-franco', 'shareds', 'probonozzz', '09069760403', 'test123@email.comszczxc', 0, '2024-06-24 11:42:14', '2024-06-24 11:43:01', NULL, '2024-06-24 11:42:14'),
(33, 1, 'Davion', 'Dragonknight', 'ElderDragon Inc.', '09123456780', 'davion.dragonknight@email.com', 0, '2024-06-25 05:17:42', '2024-06-25 09:44:20', NULL, NULL),
(34, 1, 'Christian', 'Basnillo', 'Company sa Bahrain', '09658487549', 'christian@email.com', 0, '2024-06-25 05:30:22', '2024-06-25 09:32:24', NULL, NULL),
(35, 2, 'archer', 'archer', 'comp', '123', 'aercher@email.com', 0, '2024-06-25 05:30:53', NULL, NULL, '2024-06-25 05:30:53'),
(36, 3, 'archers', 'archer', 'comp', '123', 'aercher@email.com', 0, '2024-06-25 05:52:52', NULL, NULL, '2024-06-25 05:52:52'),
(37, 4, 'edit ni mark!', 'edit-lastname', 'edit company', 'editphone', 'editemail@email.com', 1, '2024-06-25 07:57:33', '2024-06-25 07:58:14', '2024-06-25 07:58:28', '2024-06-25 07:57:33'),
(38, 1, 'Huskar', 'Daeda', 'RoshPit', '09065485625', 'hasker@email.com', 0, '2024-06-25 08:41:24', NULL, NULL, NULL),
(39, 1, 'Jerold', 'Lord', 'Facebook', '09063254879', 'jerry@email.com', 0, '2024-06-25 08:42:22', NULL, NULL, NULL),
(40, 1, 'Sisigs', 'Silog', 'Silogan ni Gian', '09063254866', 'alanmikko@email.com', 0, '2024-06-25 08:44:30', '2024-06-26 10:03:52', NULL, NULL),
(41, 4, 'Drow', 'Ranger', 'Secret Shop', '09255028395', 'drow@email.com', 0, '2024-06-25 08:48:26', NULL, NULL, '2024-06-25 08:48:26'),
(42, 2, 'Kael', 'Invoker', 'Arcane Arts Ltd.', '09678901234', 'kael.invoker@email.com', 0, '2024-06-25 09:47:53', NULL, NULL, '2024-06-25 09:47:53'),
(43, 2, 'Kael', 'Invoker', 'Arcane Arts Ltd.', '09678901234', 'kael.invoker@email.com', 1, '2024-06-25 09:55:41', NULL, '2024-06-25 09:56:49', '2024-06-25 09:55:41'),
(44, 2, 'Pudge', 'Butcher', 'FreshMeat LLC', '09789012345', 'pudge.butcher@email.com', 0, '2024-06-25 09:57:00', NULL, NULL, '2024-06-25 09:57:00'),
(45, 1, 'aaaatest', '123', '123', '123', '123@123.com', 1, '2024-06-25 09:58:41', NULL, '2024-06-25 10:00:14', NULL),
(46, 1, 'as', 'asd', 'asd', 'asd', 'asd@asd.com', 1, '2024-06-25 09:59:59', NULL, '2024-06-25 10:00:18', NULL),
(49, 2, 'Alan Edit Franc', 'Mikko', 'Silogan ni Gian', '09063254866', 'alanmikko@email.com', 0, '2024-06-25 10:28:10', '2024-06-25 10:30:18', NULL, '2024-06-25 10:28:10'),
(54, 1, '1s', '1s', '1s', '1s', '1@1.coms', 1, '2024-06-25 10:56:10', '2024-06-25 10:56:21', '2024-06-25 10:56:25', NULL),
(55, 1, 'Burger Steak', 'Silog', 'Silogan ni Gian', '09987542154', 'bsteak@silog.com', 0, '2024-06-26 04:08:38', '2024-07-15 03:59:13', NULL, NULL),
(56, 4, 'Burger', 'Steak', 'Silogan ni Gian', '09987542154', 'bsteak@silog.com', 1, '2024-06-26 04:15:19', NULL, '2024-06-26 04:18:12', '2024-06-26 04:15:19'),
(57, 4, 'Burger Steak ', 'Silog', 'Silogan ni Gian', '09987542154', 'bsteak@silog.com', 0, '2024-06-26 04:18:17', NULL, NULL, '2024-06-26 04:18:17'),
(58, 1, 'Edit ni Migs', 'asd', 'Pro nga Weaver', 'asdad', 'asd@asd.com', 1, '2024-06-26 04:33:07', '2024-06-26 04:56:06', '2024-06-26 07:20:35', NULL),
(59, 1, 'asd', 'asd', 'asd', 'asd', 'asd@123.com', 1, '2024-06-26 07:21:18', NULL, '2024-06-26 07:21:32', NULL),
(60, 1, 'asd', 'asd', 'a', 'ass', 'asd@asd.com', 1, '2024-06-26 07:21:48', NULL, '2024-06-26 07:21:52', NULL),
(61, 1, 'a', 'a', '123', '123', 'asd@asd.com', 1, '2024-06-26 07:22:09', NULL, '2024-06-26 07:22:13', NULL),
(62, 1, 'asd', 'asd', '123', '123', 'asdasd@s.com', 1, '2024-06-26 07:24:23', NULL, '2024-06-26 07:24:27', NULL),
(63, 4, 'Lina', 'Inverse', 'FireSoul LLC', '09234567890', 'lina.inverse@email.com', 0, '2024-06-26 07:25:17', NULL, NULL, '2024-06-26 07:25:17'),
(64, 4, 'Kael', 'Invoker', 'Arcane Arts Ltd.', '09678901234', 'kael.invoker@email.com', 0, '2024-06-26 08:13:17', NULL, NULL, '2024-06-26 08:13:17'),
(65, 4, 'Christian', 'Basnillo', 'Company sa Bahrain', '09658487549', 'christian@email.com', 1, '2024-06-26 10:21:55', NULL, '2024-06-26 10:22:31', '2024-06-26 10:21:55'),
(66, 4, 'Christian', 'Basnillo', 'Company sa Bahrain', '09658487549', 'christian@email.com', 1, '2024-06-26 10:22:20', NULL, '2024-06-26 10:40:28', '2024-06-26 10:22:20'),
(67, 4, 'Christian', 'Basnillo', 'Company sa Bahrain', '09658487549', 'christian@email.com', 1, '2024-06-26 10:33:46', NULL, '2024-06-26 10:57:33', '2024-06-26 10:33:46'),
(68, 4, 'Christian', 'Basnillo', 'Company sa Bahrain', '09658487549', 'christian@email.com', 1, '2024-06-26 10:57:23', NULL, '2024-06-26 10:57:36', '2024-06-26 10:57:23'),
(69, 4, 'Christian', 'Basnillo', 'Company sa Bahrain', '09658487549', 'christian@email.com', 1, '2024-06-26 10:57:28', NULL, '2024-06-26 10:58:21', '2024-06-26 10:57:28'),
(70, 4, 'Christian', 'Basnillo', 'Company sa Bahrain', '09658487549', 'christian@email.com', 1, '2024-06-26 10:58:27', NULL, '2024-06-26 11:14:37', '2024-06-26 10:58:27'),
(71, 4, 'Christian', 'Basnillo', 'Company sa Bahrain', '09658487549', 'christian@email.com', 1, '2024-06-26 11:13:46', NULL, '2024-06-26 11:14:40', '2024-06-26 11:13:46'),
(72, 4, 'Christian', 'Basnillo', 'Company sa Bahrain', '09658487549', 'christian@email.com', 0, '2024-06-26 11:14:25', NULL, NULL, '2024-06-26 11:14:25'),
(73, 4, 'Christian', 'Basnillo', 'Company sa Bahrain', '09658487549', 'christian@email.com', 0, '2024-06-26 11:14:47', NULL, NULL, '2024-06-26 11:14:47'),
(74, 4, 'Christian', 'Basnillo', 'Company sa Bahrain', '09658487549', 'christian@email.com', 0, '2024-06-26 11:15:05', NULL, NULL, '2024-06-26 11:15:05'),
(75, 4, 'Christian', 'Basnillo', 'Company sa Bahrain', '09658487549', 'christian@email.com', 0, '2024-06-26 11:16:43', NULL, NULL, '2024-06-26 11:16:43'),
(76, 4, 'Huskar', 'Daeda', 'RoshPit', '09065485625', 'hasker@email.com', 0, '2024-06-26 11:17:45', NULL, NULL, '2024-06-26 11:17:45'),
(77, 4, 'Burgezxcr Steakzcx', 'Silogzxc', 'Silogan ni Gian', '09987542154', 'bsteak@silog.com', 0, '2024-06-26 11:21:02', '2024-07-05 11:22:18', NULL, '2024-06-26 11:21:02'),
(78, 4, 'Burger Steak', 'Silog', 'Silogan ni Gian', '09987542154', 'bsteak@silog.com', 0, '2024-06-26 11:36:03', NULL, NULL, '2024-06-26 11:36:03'),
(79, 1, 'asd', 'asd', '123', '123', 'asd@asd.com', 1, '2024-06-26 11:39:56', NULL, '2024-06-26 11:40:01', NULL),
(80, 4, 'Burger Steak', 'Silogs', 'Silogan ni Gian', '09987542154', 'bsteak@silog.com', 0, '2024-06-26 11:44:16', NULL, NULL, '2024-06-26 11:44:16'),
(81, 1, 'testjsonresp', 'testjsonresp', 'testjsonresp', 'testjsonresp', 'testjsonresp@email.com', 1, '2024-06-27 02:42:31', NULL, '2024-06-27 02:42:44', NULL),
(82, 1, 'zzzz', 'zzz', 'zzz', 'zzz', 'zzz@zzz.com', 1, '2024-06-27 02:44:56', NULL, '2024-06-27 02:45:17', NULL),
(83, 1, 'zzz', 'zzz', 'z', 'z', 'zzz@zzz.com', 1, '2024-06-27 02:45:25', NULL, '2024-06-27 02:45:50', NULL),
(84, 1, 'z', 'z', 'z', 'z', 'zzz@zzz.com', 1, '2024-06-27 02:45:56', NULL, '2024-06-27 02:46:14', NULL),
(85, 1, 'z', 'z', 'z', 'z', 'zzz@zzz.com', 1, '2024-06-27 02:46:17', NULL, '2024-06-27 02:46:21', NULL),
(86, 1, 'z', 'z', 'z', 'z', 'zzz@zzz.com', 1, '2024-06-27 02:46:34', NULL, '2024-06-27 02:46:39', NULL),
(87, 4, 'Christian', 'Basnillo', 'Company sa Bahrain', '09658487549', 'christian@email.com', 0, '2024-06-27 02:47:07', NULL, NULL, '2024-06-27 02:47:07'),
(88, 4, 'Lina', 'Inverse', 'FireSoul LLC', '09234567890', 'lina.inverse@email.com', 0, '2024-06-28 07:45:35', NULL, NULL, '2024-06-28 07:45:35'),
(89, 4, 'Burger Steak', 'Silog', 'Silogan ni Gian', '09987542154', 'bsteak@silog.com', 0, '2024-06-28 08:25:32', NULL, NULL, '2024-06-28 08:25:32'),
(90, 4, 'Burger Steak', 'Silog', 'Silogan ni Gian', '09987542154', 'bsteak@silog.com', 0, '2024-06-28 09:49:58', NULL, NULL, '2024-06-28 09:49:58'),
(91, 4, 'Burger Steak', 'Silog', 'Silogan ni Gian', '09987542154', 'bsteak@silog.com', 0, '2024-06-28 09:50:29', NULL, NULL, '2024-06-28 09:50:29'),
(92, 19, 'Burger Steak', 'Silog', 'Silogan ni Gian', '09987542154', 'bsteak@silog.com', 0, '2024-07-01 09:48:32', NULL, NULL, '2024-07-01 09:48:32'),
(93, 19, 'Burger Steak', 'Silog', 'Silogan ni Gian', '09987542154', 'bsteak@silog.com', 0, '2024-07-01 09:48:40', NULL, NULL, '2024-07-01 09:48:40'),
(94, 18, 'Burger Steak', 'Silog', 'Silogan ni Gian', '09987542154', 'bsteak@silog.com', 0, '2024-07-01 09:57:16', NULL, NULL, '2024-07-01 09:57:16'),
(95, 18, 'Burger Steak', 'Silog', 'Silogan ni Gian', '09987542154', 'bsteak@silog.com', 0, '2024-07-01 09:57:31', NULL, NULL, '2024-07-01 09:57:31'),
(96, 4, 'Burger Steak', 'Silog', 'Silogan ni Gian', '09987542154', 'bsteak@silog.com', 0, '2024-07-02 11:01:00', NULL, NULL, '2024-07-02 11:01:00'),
(97, 4, 'Pudge', 'Butcher', 'FreshMeat LLC', '09789012345', 'pudge.butcher@email.com', 0, '2024-07-11 07:53:31', NULL, NULL, '2024-07-11 07:53:31'),
(98, 4, 'Pudge', 'Butcher', 'FreshMeat LLC', '09789012345', 'pudge.butcher@email.com', 0, '2024-07-11 07:53:39', NULL, NULL, '2024-07-11 07:53:39');

-- --------------------------------------------------------

--
-- Table structure for table `inventory`
--

CREATE TABLE `inventory` (
  `inv_id` int(10) UNSIGNED NOT NULL,
  `inv_tracking_id` varchar(255) DEFAULT NULL,
  `inv_item_id` int(10) UNSIGNED DEFAULT NULL,
  `inv_unit_cost` varchar(255) DEFAULT NULL,
  `inv_brand` varchar(255) DEFAULT NULL,
  `inv_serial` varchar(255) DEFAULT NULL,
  `inv_assigned_to` int(10) UNSIGNED DEFAULT NULL,
  `inv_status` int(1) DEFAULT 0,
  `inv_added_by` int(10) UNSIGNED DEFAULT NULL,
  `inv_added_at` datetime DEFAULT NULL,
  `inv_updated_at` datetime DEFAULT NULL,
  `inv_warehouse_id` int(10) UNSIGNED DEFAULT NULL
) ENGINE=InnoDB DEFAULT CHARSET=utf8mb4;

--
-- Dumping data for table `inventory`
--

INSERT INTO `inventory` (`inv_id`, `inv_tracking_id`, `inv_item_id`, `inv_unit_cost`, `inv_brand`, `inv_serial`, `inv_assigned_to`, `inv_status`, `inv_added_by`, `inv_added_at`, `inv_updated_at`, `inv_warehouse_id`) VALUES
(387, 'B00000001', 112, '160', 'Lenovo', 'HEA00000001', 32, 0, 1, '2024-07-10 05:30:55', NULL, 12),
(388, 'B00000001', 112, '160', 'Lenovo', 'HEA00000002', 32, 0, 1, '2024-07-10 05:30:55', NULL, 12),
(389, 'B00000001', 112, '160', 'Lenovo', 'HEA00000003', 32, 0, 1, '2024-07-10 05:30:55', NULL, 12),
(390, 'B00000001', 112, '160', 'Lenovo', 'HEA00000004', 32, 0, 1, '2024-07-10 05:30:55', NULL, 12),
(391, 'B00000001', 112, '160', 'Lenovo', 'HEA00000005', 32, 0, 1, '2024-07-10 05:30:55', NULL, 12),
(392, 'B00000001', 112, '160', 'Lenovo', 'HEA00000006', 32, 0, 1, '2024-07-10 05:30:55', NULL, 12),
(393, 'B00000001', 112, '160', 'Lenovo', 'HEA00000007', 32, 0, 1, '2024-07-10 05:30:55', NULL, 12),
(394, 'B00000001', 112, '160', 'Lenovo', 'HEA00000008', 32, 0, 1, '2024-07-10 05:30:55', NULL, 12),
(395, 'B00000001', 112, '160', 'Lenovo', 'HEA00000009', 32, 0, 1, '2024-07-10 05:30:55', NULL, 12),
(396, 'B00000001', 112, '160', 'Lenovo', 'HEA00000010', 32, 0, 1, '2024-07-10 05:30:55', NULL, 12),
(397, 'B00000001', 112, '160', 'Lenovo', 'HEA00000011', 32, 0, 1, '2024-07-10 05:30:55', NULL, 12),
(398, 'B00000001', 112, '160', 'Lenovo', 'HEA00000012', 32, 0, 1, '2024-07-10 05:30:55', NULL, 12),
(399, 'B00000001', 112, '160', 'Lenovo', 'HEA00000013', 32, 0, 1, '2024-07-10 05:30:55', NULL, 12),
(400, 'B00000001', 112, '160', 'Lenovo', 'HEA00000014', 32, 0, 1, '2024-07-10 05:30:55', NULL, 12),
(401, 'B00000001', 112, '160', 'Lenovo', 'HEA00000015', 32, 0, 1, '2024-07-10 05:30:55', NULL, 12),
(402, 'B00000001', 112, '160', 'Lenovo', 'HEA00000016', 32, 0, 1, '2024-07-10 05:30:55', NULL, 12),
(403, 'B00000001', 112, '160', 'Lenovo', 'HEA00000017', 32, 0, 1, '2024-07-10 05:30:55', NULL, 12),
(404, 'B00000001', 112, '160', 'Lenovo', 'HEA00000018', 32, 0, 1, '2024-07-10 05:30:55', NULL, 12),
(405, 'B00000001', 112, '160', 'Lenovo', 'HEA00000019', 32, 0, 1, '2024-07-10 05:30:55', NULL, 12),
(406, 'B00000001', 112, '160', 'Lenovo', 'HEA00000020', 32, 0, 1, '2024-07-10 05:30:55', NULL, 12),
(407, 'B00000001', 112, '160', 'Lenovo', 'HEA00000021', 32, 0, 1, '2024-07-10 05:30:55', NULL, 12),
(408, 'B00000001', 112, '160', 'Lenovo', 'HEA00000022', 32, 0, 1, '2024-07-10 05:30:55', NULL, 12),
(409, 'B00000001', 112, '160', 'Lenovo', 'HEA00000023', 32, 0, 1, '2024-07-10 05:30:55', NULL, 12),
(410, 'B00000001', 112, '160', 'Lenovo', 'HEA00000024', 32, 0, 1, '2024-07-10 05:30:56', NULL, 12),
(411, 'B00000001', 112, '160', 'Lenovo', 'HEA00000025', 32, 0, 1, '2024-07-10 05:30:56', NULL, 12),
(412, 'B00000001', 112, '160', 'Lenovo', 'HEA00000026', 32, 0, 1, '2024-07-10 05:30:56', NULL, 12),
(413, 'B00000001', 112, '160', 'Lenovo', 'HEA00000027', 32, 0, 1, '2024-07-10 05:30:56', NULL, 12),
(414, 'B00000001', 112, '160', 'Lenovo', 'HEA00000028', 32, 0, 1, '2024-07-10 05:30:56', NULL, 12),
(415, 'B00000001', 112, '160', 'Lenovo', 'HEA00000029', 32, 0, 1, '2024-07-10 05:30:56', NULL, 12),
(416, 'B00000001', 112, '160', 'Lenovo', 'HEA00000030', 32, 0, 1, '2024-07-10 05:30:56', NULL, 12),
(417, 'B00000001', 112, '160', 'Lenovo', 'HEA00000031', 32, 0, 1, '2024-07-10 05:30:56', NULL, 12),
(418, 'B00000001', 112, '160', 'Lenovo', 'HEA00000032', 32, 0, 1, '2024-07-10 05:30:56', NULL, 12),
(419, 'B00000001', 112, '160', 'Lenovo', 'HEA00000033', 32, 0, 1, '2024-07-10 05:30:56', NULL, 12),
(420, 'B00000001', 112, '160', 'Lenovo', 'HEA00000034', 32, 0, 1, '2024-07-10 05:30:56', NULL, 12),
(421, 'B00000001', 112, '160', 'Lenovo', 'HEA00000035', 32, 0, 1, '2024-07-10 05:30:56', NULL, 12),
(422, 'B00000001', 112, '160', 'Lenovo', 'HEA00000036', 32, 0, 1, '2024-07-10 05:30:56', NULL, 12),
(423, 'B00000001', 112, '160', 'Lenovo', 'HEA00000037', 32, 0, 1, '2024-07-10 05:30:56', NULL, 12),
(424, 'B00000001', 112, '160', 'Lenovo', 'HEA00000038', 32, 0, 1, '2024-07-10 05:30:56', NULL, 12),
(425, 'B00000001', 112, '160', 'Lenovo', 'HEA00000039', 32, 0, 1, '2024-07-10 05:30:56', NULL, 12),
(426, 'B00000001', 112, '160', 'Lenovo', 'HEA00000040', 32, 0, 1, '2024-07-10 05:30:56', NULL, 12),
(427, 'B00000001', 112, '160', 'Lenovo', 'HEA00000041', 32, 0, 1, '2024-07-10 05:30:56', NULL, 12),
(428, 'B00000001', 112, '160', 'Lenovo', 'HEA00000042', 32, 0, 1, '2024-07-10 05:30:56', NULL, 12),
(429, 'B00000001', 112, '160', 'Lenovo', 'HEA00000043', 32, 0, 1, '2024-07-10 05:30:56', NULL, 12),
(430, 'B00000001', 112, '160', 'Lenovo', 'HEA00000044', 32, 0, 1, '2024-07-10 05:30:56', NULL, 12),
(431, 'B00000001', 112, '160', 'Lenovo', 'HEA00000045', 32, 0, 1, '2024-07-10 05:30:56', NULL, 12),
(432, 'B00000001', 112, '160', 'Lenovo', 'HEA00000046', 32, 0, 1, '2024-07-10 05:30:56', NULL, 12),
(433, 'B00000001', 112, '160', 'Lenovo', 'HEA00000047', 32, 0, 1, '2024-07-10 05:30:56', NULL, 12),
(434, 'B00000001', 112, '160', 'Lenovo', 'HEA00000048', 32, 0, 1, '2024-07-10 05:30:56', NULL, 12),
(435, 'B00000001', 112, '160', 'Lenovo', 'HEA00000049', 32, 0, 1, '2024-07-10 05:30:57', NULL, 12),
(436, 'B00000001', 112, '160', 'Lenovo', 'HEA00000050', 32, 0, 1, '2024-07-10 05:30:57', NULL, 12),
(437, 'B00000002', 73, '50', 'Coterie The Wipe', 'DIS00000001', 32, 0, 1, '2024-07-10 05:33:58', NULL, 20),
(438, 'B00000002', 73, '50', 'Coterie The Wipe', 'DIS00000002', 32, 0, 1, '2024-07-10 05:33:58', NULL, 20),
(439, 'B00000002', 73, '50', 'Coterie The Wipe', 'DIS00000003', 32, 0, 1, '2024-07-10 05:33:58', NULL, 20),
(440, 'B00000002', 73, '50', 'Coterie The Wipe', 'DIS00000004', 32, 0, 1, '2024-07-10 05:33:58', NULL, 20),
(441, 'B00000002', 73, '50', 'Coterie The Wipe', 'DIS00000005', 32, 0, 1, '2024-07-10 05:33:58', NULL, 20),
(442, 'B00000002', 73, '50', 'Coterie The Wipe', 'DIS00000006', 32, 0, 1, '2024-07-10 05:33:59', NULL, 20),
(443, 'B00000002', 73, '50', 'Coterie The Wipe', 'DIS00000007', 32, 0, 1, '2024-07-10 05:33:59', NULL, 20),
(444, 'B00000002', 73, '50', 'Coterie The Wipe', 'DIS00000008', 32, 0, 1, '2024-07-10 05:33:59', NULL, 20),
(445, 'B00000002', 73, '50', 'Coterie The Wipe', 'DIS00000009', 32, 0, 1, '2024-07-10 05:33:59', NULL, 20),
(446, 'B00000002', 73, '50', 'Coterie The Wipe', 'DIS00000010', 32, 0, 1, '2024-07-10 05:33:59', NULL, 20),
(447, 'B00000002', 73, '50', 'Coterie The Wipe', 'DIS00000011', 32, 0, 1, '2024-07-10 05:33:59', NULL, 20),
(448, 'B00000002', 73, '50', 'Coterie The Wipe', 'DIS00000012', 32, 0, 1, '2024-07-10 05:33:59', NULL, 20),
(449, 'B00000002', 73, '50', 'Coterie The Wipe', 'DIS00000013', 32, 0, 1, '2024-07-10 05:33:59', NULL, 20),
(450, 'B00000002', 73, '50', 'Coterie The Wipe', 'DIS00000014', 32, 0, 1, '2024-07-10 05:33:59', NULL, 20),
(451, 'B00000002', 73, '50', 'Coterie The Wipe', 'DIS00000015', 32, 0, 1, '2024-07-10 05:33:59', NULL, 20),
(452, 'B00000002', 73, '50', 'Coterie The Wipe', 'DIS00000016', 32, 0, 1, '2024-07-10 05:33:59', NULL, 20),
(453, 'B00000002', 73, '50', 'Coterie The Wipe', 'DIS00000017', 32, 0, 1, '2024-07-10 05:33:59', NULL, 20),
(454, 'B00000002', 73, '50', 'Coterie The Wipe', 'DIS00000018', 32, 0, 1, '2024-07-10 05:33:59', NULL, 20),
(455, 'B00000002', 73, '50', 'Coterie The Wipe', 'DIS00000019', 32, 0, 1, '2024-07-10 05:33:59', NULL, 20),
(456, 'B00000002', 73, '50', 'Coterie The Wipe', 'DIS00000020', 32, 0, 1, '2024-07-10 05:33:59', NULL, 20),
(457, 'B00000002', 73, '50', 'Coterie The Wipe', 'DIS00000021', 32, 0, 1, '2024-07-10 05:33:59', NULL, 20),
(458, 'B00000002', 73, '50', 'Coterie The Wipe', 'DIS00000022', 32, 0, 1, '2024-07-10 05:33:59', NULL, 20),
(459, 'B00000002', 73, '50', 'Coterie The Wipe', 'DIS00000023', 32, 0, 1, '2024-07-10 05:33:59', NULL, 20),
(460, 'B00000002', 73, '50', 'Coterie The Wipe', 'DIS00000024', 32, 0, 1, '2024-07-10 05:33:59', NULL, 20),
(461, 'B00000002', 73, '50', 'Coterie The Wipe', 'DIS00000025', 32, 0, 1, '2024-07-10 05:33:59', NULL, 20),
(462, 'B00000002', 73, '50', 'Coterie The Wipe', 'DIS00000026', 32, 0, 1, '2024-07-10 05:34:00', NULL, 20),
(463, 'B00000002', 73, '50', 'Coterie The Wipe', 'DIS00000027', 32, 0, 1, '2024-07-10 05:34:00', NULL, 20),
(464, 'B00000002', 73, '50', 'Coterie The Wipe', 'DIS00000028', 32, 0, 1, '2024-07-10 05:34:00', NULL, 20),
(465, 'B00000002', 73, '50', 'Coterie The Wipe', 'DIS00000029', 32, 0, 1, '2024-07-10 05:34:00', NULL, 20),
(466, 'B00000002', 73, '50', 'Coterie The Wipe', 'DIS00000030', 32, 0, 1, '2024-07-10 05:34:00', NULL, 20),
(467, 'B00000002', 73, '50', 'Coterie The Wipe', 'DIS00000031', 32, 0, 1, '2024-07-10 05:34:00', NULL, 20),
(468, 'B00000002', 73, '50', 'Coterie The Wipe', 'DIS00000032', 32, 0, 1, '2024-07-10 05:34:00', NULL, 20),
(469, 'B00000002', 73, '50', 'Coterie The Wipe', 'DIS00000033', 32, 0, 1, '2024-07-10 05:34:00', NULL, 20),
(470, 'B00000002', 73, '50', 'Coterie The Wipe', 'DIS00000034', 32, 0, 1, '2024-07-10 05:34:00', NULL, 20),
(471, 'B00000002', 73, '50', 'Coterie The Wipe', 'DIS00000035', 32, 0, 1, '2024-07-10 05:34:00', NULL, 20),
(472, 'B00000002', 73, '50', 'Coterie The Wipe', 'DIS00000036', 32, 0, 1, '2024-07-10 05:34:00', NULL, 20),
(473, 'B00000002', 73, '50', 'Coterie The Wipe', 'DIS00000037', 32, 0, 1, '2024-07-10 05:34:00', NULL, 20),
(474, 'B00000002', 73, '50', 'Coterie The Wipe', 'DIS00000038', 32, 0, 1, '2024-07-10 05:34:00', NULL, 20),
(475, 'B00000002', 73, '50', 'Coterie The Wipe', 'DIS00000039', 32, 0, 1, '2024-07-10 05:34:00', NULL, 20),
(476, 'B00000002', 73, '50', 'Coterie The Wipe', 'DIS00000040', 32, 0, 1, '2024-07-10 05:34:00', NULL, 20),
(477, 'B00000002', 73, '50', 'Coterie The Wipe', 'DIS00000041', 32, 0, 1, '2024-07-10 05:34:00', NULL, 20),
(478, 'B00000002', 73, '50', 'Coterie The Wipe', 'DIS00000042', 32, 0, 1, '2024-07-10 05:34:00', NULL, 20),
(479, 'B00000002', 73, '50', 'Coterie The Wipe', 'DIS00000043', 32, 0, 1, '2024-07-10 05:34:00', NULL, 20),
(480, 'B00000002', 73, '50', 'Coterie The Wipe', 'DIS00000044', 32, 0, 1, '2024-07-10 05:34:00', NULL, 20),
(481, 'B00000002', 73, '50', 'Coterie The Wipe', 'DIS00000045', 32, 0, 1, '2024-07-10 05:34:00', NULL, 20),
(482, 'B00000002', 73, '50', 'Coterie The Wipe', 'DIS00000046', 32, 0, 1, '2024-07-10 05:34:00', NULL, 20),
(483, 'B00000002', 73, '50', 'Coterie The Wipe', 'DIS00000047', 32, 0, 1, '2024-07-10 05:34:00', NULL, 20),
(484, 'B00000002', 73, '50', 'Coterie The Wipe', 'DIS00000048', 32, 0, 1, '2024-07-10 05:34:00', NULL, 20),
(485, 'B00000002', 73, '50', 'Coterie The Wipe', 'DIS00000049', 32, 0, 1, '2024-07-10 05:34:01', NULL, 20),
(486, 'B00000002', 73, '50', 'Coterie The Wipe', 'DIS00000050', 32, 0, 1, '2024-07-10 05:34:01', NULL, 20),
(487, 'B00000002', 73, '50', 'Coterie The Wipe', 'DIS00000051', 32, 0, 1, '2024-07-10 05:34:01', NULL, 20),
(488, 'B00000002', 73, '50', 'Coterie The Wipe', 'DIS00000052', 32, 0, 1, '2024-07-10 05:34:01', NULL, 20),
(489, 'B00000002', 73, '50', 'Coterie The Wipe', 'DIS00000053', 32, 0, 1, '2024-07-10 05:34:01', NULL, 20),
(490, 'B00000002', 73, '50', 'Coterie The Wipe', 'DIS00000054', 32, 0, 1, '2024-07-10 05:34:01', NULL, 20),
(491, 'B00000002', 73, '50', 'Coterie The Wipe', 'DIS00000055', 32, 0, 1, '2024-07-10 05:34:01', NULL, 20),
(492, 'B00000002', 73, '50', 'Coterie The Wipe', 'DIS00000056', 32, 0, 1, '2024-07-10 05:34:01', NULL, 20),
(493, 'B00000002', 73, '50', 'Coterie The Wipe', 'DIS00000057', 32, 0, 1, '2024-07-10 05:34:01', NULL, 20),
(494, 'B00000002', 73, '50', 'Coterie The Wipe', 'DIS00000058', 32, 0, 1, '2024-07-10 05:34:01', NULL, 20),
(495, 'B00000002', 73, '50', 'Coterie The Wipe', 'DIS00000059', 32, 0, 1, '2024-07-10 05:34:01', NULL, 20),
(496, 'B00000002', 73, '50', 'Coterie The Wipe', 'DIS00000060', 32, 0, 1, '2024-07-10 05:34:01', NULL, 20),
(497, 'B00000002', 73, '50', 'Coterie The Wipe', 'DIS00000061', 32, 0, 1, '2024-07-10 05:34:01', NULL, 20),
(498, 'B00000002', 73, '50', 'Coterie The Wipe', 'DIS00000062', 32, 0, 1, '2024-07-10 05:34:01', NULL, 20),
(499, 'B00000002', 73, '50', 'Coterie The Wipe', 'DIS00000063', 32, 0, 1, '2024-07-10 05:34:01', NULL, 20),
(500, 'B00000002', 73, '50', 'Coterie The Wipe', 'DIS00000064', 32, 0, 1, '2024-07-10 05:34:01', NULL, 20),
(501, 'B00000002', 73, '50', 'Coterie The Wipe', 'DIS00000065', 32, 0, 1, '2024-07-10 05:34:01', NULL, 20),
(502, 'B00000002', 73, '50', 'Coterie The Wipe', 'DIS00000066', 32, 0, 1, '2024-07-10 05:34:01', NULL, 20),
(503, 'B00000002', 73, '50', 'Coterie The Wipe', 'DIS00000067', 32, 0, 1, '2024-07-10 05:34:01', NULL, 20),
(504, 'B00000002', 73, '50', 'Coterie The Wipe', 'DIS00000068', 32, 0, 1, '2024-07-10 05:34:01', NULL, 20),
(505, 'B00000002', 73, '50', 'Coterie The Wipe', 'DIS00000069', 32, 0, 1, '2024-07-10 05:34:01', NULL, 20),
(506, 'B00000002', 73, '50', 'Coterie The Wipe', 'DIS00000070', 32, 0, 1, '2024-07-10 05:34:01', NULL, 20),
(507, 'B00000002', 73, '50', 'Coterie The Wipe', 'DIS00000071', 32, 0, 1, '2024-07-10 05:34:01', NULL, 20),
(508, 'B00000002', 73, '50', 'Coterie The Wipe', 'DIS00000072', 32, 0, 1, '2024-07-10 05:34:02', NULL, 20),
(509, 'B00000002', 73, '50', 'Coterie The Wipe', 'DIS00000073', 32, 0, 1, '2024-07-10 05:34:02', NULL, 20),
(510, 'B00000002', 73, '50', 'Coterie The Wipe', 'DIS00000074', 32, 0, 1, '2024-07-10 05:34:02', NULL, 20),
(511, 'B00000002', 73, '50', 'Coterie The Wipe', 'DIS00000075', 32, 0, 1, '2024-07-10 05:34:02', NULL, 20),
(512, 'B00000002', 73, '50', 'Coterie The Wipe', 'DIS00000076', 32, 0, 1, '2024-07-10 05:34:02', NULL, 20),
(513, 'B00000002', 73, '50', 'Coterie The Wipe', 'DIS00000077', 32, 0, 1, '2024-07-10 05:34:02', NULL, 20),
(514, 'B00000002', 73, '50', 'Coterie The Wipe', 'DIS00000078', 32, 0, 1, '2024-07-10 05:34:02', NULL, 20),
(515, 'B00000002', 73, '50', 'Coterie The Wipe', 'DIS00000079', 32, 0, 1, '2024-07-10 05:34:02', NULL, 20),
(516, 'B00000002', 73, '50', 'Coterie The Wipe', 'DIS00000080', 32, 0, 1, '2024-07-10 05:34:02', NULL, 20),
(517, 'B00000003', 88, '175', 'A4-Tech', 'MOU00000001', 32, 0, 1, '2024-07-10 05:36:04', NULL, 7),
(518, 'B00000003', 88, '175', 'A4-Tech', 'MOU00000002', 32, 0, 1, '2024-07-10 05:36:04', NULL, 7),
(519, 'B00000003', 88, '175', 'A4-Tech', 'MOU00000003', 32, 0, 1, '2024-07-10 05:36:04', NULL, 7),
(520, 'B00000003', 88, '175', 'A4-Tech', 'MOU00000004', 32, 0, 1, '2024-07-10 05:36:04', NULL, 7),
(521, 'B00000003', 88, '175', 'A4-Tech', 'MOU00000005', 32, 0, 1, '2024-07-10 05:36:04', NULL, 7),
(522, 'B00000003', 88, '175', 'A4-Tech', 'MOU00000006', 32, 0, 1, '2024-07-10 05:36:04', NULL, 7),
(523, 'B00000003', 88, '175', 'A4-Tech', 'MOU00000007', 32, 0, 1, '2024-07-10 05:36:04', NULL, 7),
(524, 'B00000003', 88, '175', 'A4-Tech', 'MOU00000008', 32, 0, 1, '2024-07-10 05:36:04', NULL, 7),
(525, 'B00000003', 88, '175', 'A4-Tech', 'MOU00000009', 32, 0, 1, '2024-07-10 05:36:04', NULL, 7),
(526, 'B00000003', 88, '175', 'A4-Tech', 'MOU00000010', 32, 0, 1, '2024-07-10 05:36:04', NULL, 7),
(527, 'B00000003', 88, '175', 'A4-Tech', 'MOU00000011', 32, 0, 1, '2024-07-10 05:36:04', NULL, 7),
(528, 'B00000003', 88, '175', 'A4-Tech', 'MOU00000012', 32, 0, 1, '2024-07-10 05:36:04', NULL, 7),
(529, 'B00000003', 88, '175', 'A4-Tech', 'MOU00000013', 32, 0, 1, '2024-07-10 05:36:04', NULL, 7),
(530, 'B00000003', 88, '175', 'A4-Tech', 'MOU00000014', 32, 0, 1, '2024-07-10 05:36:04', NULL, 7),
(531, 'B00000003', 88, '175', 'A4-Tech', 'MOU00000015', 32, 0, 1, '2024-07-10 05:36:04', NULL, 7),
(532, 'B00000003', 88, '175', 'A4-Tech', 'MOU00000016', 32, 0, 1, '2024-07-10 05:36:04', NULL, 7),
(533, 'B00000003', 88, '175', 'A4-Tech', 'MOU00000017', 32, 0, 1, '2024-07-10 05:36:04', NULL, 7),
(534, 'B00000003', 88, '175', 'A4-Tech', 'MOU00000018', 32, 0, 1, '2024-07-10 05:36:04', NULL, 7),
(535, 'B00000003', 88, '175', 'A4-Tech', 'MOU00000019', 32, 0, 1, '2024-07-10 05:36:04', NULL, 7),
(536, 'B00000003', 88, '175', 'A4-Tech', 'MOU00000020', 32, 0, 1, '2024-07-10 05:36:04', NULL, 7),
(537, 'B00000003', 88, '175', 'A4-Tech', 'MOU00000021', 32, 0, 1, '2024-07-10 05:36:05', NULL, 7),
(538, 'B00000003', 88, '175', 'A4-Tech', 'MOU00000022', 32, 0, 1, '2024-07-10 05:36:05', NULL, 7),
(539, 'B00000003', 88, '175', 'A4-Tech', 'MOU00000023', 32, 0, 1, '2024-07-10 05:36:05', NULL, 7),
(540, 'B00000003', 88, '175', 'A4-Tech', 'MOU00000024', 32, 0, 1, '2024-07-10 05:36:05', NULL, 7),
(541, 'B00000003', 88, '175', 'A4-Tech', 'MOU00000025', 32, 0, 1, '2024-07-10 05:36:05', NULL, 7),
(542, 'B00000003', 88, '175', 'A4-Tech', 'MOU00000026', 32, 0, 1, '2024-07-10 05:36:05', NULL, 7),
(543, 'B00000003', 88, '175', 'A4-Tech', 'MOU00000027', 32, 0, 1, '2024-07-10 05:36:05', NULL, 7),
(544, 'B00000003', 88, '175', 'A4-Tech', 'MOU00000028', 32, 0, 1, '2024-07-10 05:36:05', NULL, 7),
(545, 'B00000003', 88, '175', 'A4-Tech', 'MOU00000029', 32, 0, 1, '2024-07-10 05:36:05', NULL, 7),
(546, 'B00000003', 88, '175', 'A4-Tech', 'MOU00000030', 32, 0, 1, '2024-07-10 05:36:05', NULL, 7),
(547, 'B00000004', 66, '10', 'GTech', 'BAL00000001', 32, 0, 1, '2024-07-10 05:43:08', NULL, 29),
(548, 'B00000004', 66, '10', 'GTech', 'BAL00000002', 32, 0, 1, '2024-07-10 05:43:08', NULL, 29),
(549, 'B00000004', 66, '10', 'GTech', 'BAL00000003', 32, 0, 1, '2024-07-10 05:43:08', NULL, 29),
(550, 'B00000004', 66, '10', 'GTech', 'BAL00000004', 32, 0, 1, '2024-07-10 05:43:08', NULL, 29),
(551, 'B00000004', 66, '10', 'GTech', 'BAL00000005', 32, 0, 1, '2024-07-10 05:43:08', NULL, 29),
(552, 'B00000004', 66, '10', 'GTech', 'BAL00000006', 32, 0, 1, '2024-07-10 05:43:08', NULL, 29),
(553, 'B00000004', 66, '10', 'GTech', 'BAL00000007', 32, 0, 1, '2024-07-10 05:43:08', NULL, 29),
(554, 'B00000004', 66, '10', 'GTech', 'BAL00000008', 32, 0, 1, '2024-07-10 05:43:08', NULL, 29),
(555, 'B00000004', 66, '10', 'GTech', 'BAL00000009', 32, 0, 1, '2024-07-10 05:43:08', NULL, 29),
(556, 'B00000004', 66, '10', 'GTech', 'BAL00000010', 32, 0, 1, '2024-07-10 05:43:08', NULL, 29),
(557, 'B00000004', 66, '10', 'GTech', 'BAL00000011', 32, 0, 1, '2024-07-10 05:43:08', NULL, 29),
(558, 'B00000004', 66, '10', 'GTech', 'BAL00000012', 32, 0, 1, '2024-07-10 05:43:08', NULL, 29),
(559, 'B00000004', 66, '10', 'GTech', 'BAL00000013', 32, 0, 1, '2024-07-10 05:43:08', NULL, 29),
(560, 'B00000004', 66, '10', 'GTech', 'BAL00000014', 32, 0, 1, '2024-07-10 05:43:09', NULL, 29),
(561, 'B00000004', 66, '10', 'GTech', 'BAL00000015', 32, 0, 1, '2024-07-10 05:43:09', NULL, 29),
(562, 'B00000004', 66, '10', 'GTech', 'BAL00000016', 32, 0, 1, '2024-07-10 05:43:09', NULL, 29),
(563, 'B00000004', 66, '10', 'GTech', 'BAL00000017', 32, 0, 1, '2024-07-10 05:43:09', NULL, 29),
(564, 'B00000004', 66, '10', 'GTech', 'BAL00000018', 32, 0, 1, '2024-07-10 05:43:09', NULL, 29),
(565, 'B00000004', 66, '10', 'GTech', 'BAL00000019', 32, 0, 1, '2024-07-10 05:43:09', NULL, 29),
(566, 'B00000004', 66, '10', 'GTech', 'BAL00000020', 32, 0, 1, '2024-07-10 05:43:09', NULL, 29),
(567, 'B00000004', 66, '10', 'GTech', 'BAL00000021', 32, 0, 1, '2024-07-10 05:43:09', NULL, 29),
(568, 'B00000004', 66, '10', 'GTech', 'BAL00000022', 32, 0, 1, '2024-07-10 05:43:09', NULL, 29),
(569, 'B00000004', 66, '10', 'GTech', 'BAL00000023', 32, 0, 1, '2024-07-10 05:43:09', NULL, 29),
(570, 'B00000004', 66, '10', 'GTech', 'BAL00000024', 32, 0, 1, '2024-07-10 05:43:09', NULL, 29),
(571, 'B00000004', 66, '10', 'GTech', 'BAL00000025', 32, 0, 1, '2024-07-10 05:43:09', NULL, 29),
(572, 'B00000004', 66, '10', 'GTech', 'BAL00000026', 32, 0, 1, '2024-07-10 05:43:09', NULL, 29),
(573, 'B00000004', 66, '10', 'GTech', 'BAL00000027', 32, 0, 1, '2024-07-10 05:43:09', NULL, 29),
(574, 'B00000004', 66, '10', 'GTech', 'BAL00000028', 32, 0, 1, '2024-07-10 05:43:09', NULL, 29),
(575, 'B00000004', 66, '10', 'GTech', 'BAL00000029', 32, 0, 1, '2024-07-10 05:43:09', NULL, 29),
(576, 'B00000004', 66, '10', 'GTech', 'BAL00000030', 32, 0, 1, '2024-07-10 05:43:09', NULL, 29),
(577, 'B00000004', 66, '10', 'GTech', 'BAL00000031', 32, 0, 1, '2024-07-10 05:43:09', NULL, 29),
(578, 'B00000004', 66, '10', 'GTech', 'BAL00000032', 32, 0, 1, '2024-07-10 05:43:09', NULL, 29),
(579, 'B00000004', 66, '10', 'GTech', 'BAL00000033', 32, 0, 1, '2024-07-10 05:43:09', NULL, 29),
(580, 'B00000004', 66, '10', 'GTech', 'BAL00000034', 32, 0, 1, '2024-07-10 05:43:09', NULL, 29),
(581, 'B00000004', 66, '10', 'GTech', 'BAL00000035', 32, 0, 1, '2024-07-10 05:43:09', NULL, 29),
(582, 'B00000004', 66, '10', 'GTech', 'BAL00000036', 32, 0, 1, '2024-07-10 05:43:09', NULL, 29),
(583, 'B00000004', 66, '10', 'GTech', 'BAL00000037', 32, 0, 1, '2024-07-10 05:43:09', NULL, 29),
(584, 'B00000004', 66, '10', 'GTech', 'BAL00000038', 32, 0, 1, '2024-07-10 05:43:09', NULL, 29),
(585, 'B00000004', 66, '10', 'GTech', 'BAL00000039', 32, 0, 1, '2024-07-10 05:43:10', NULL, 29),
(586, 'B00000004', 66, '10', 'GTech', 'BAL00000040', 32, 0, 1, '2024-07-10 05:43:10', NULL, 29),
(587, 'B00000004', 66, '10', 'GTech', 'BAL00000041', 32, 0, 1, '2024-07-10 05:43:10', NULL, 29),
(588, 'B00000004', 66, '10', 'GTech', 'BAL00000042', 32, 0, 1, '2024-07-10 05:43:10', NULL, 29),
(589, 'B00000004', 66, '10', 'GTech', 'BAL00000043', 32, 0, 1, '2024-07-10 05:43:10', NULL, 29),
(590, 'B00000004', 66, '10', 'GTech', 'BAL00000044', 32, 0, 1, '2024-07-10 05:43:10', NULL, 29),
(591, 'B00000004', 66, '10', 'GTech', 'BAL00000045', 32, 0, 1, '2024-07-10 05:43:10', NULL, 29),
(592, 'B00000004', 66, '10', 'GTech', 'BAL00000046', 32, 0, 1, '2024-07-10 05:43:10', NULL, 29),
(593, 'B00000004', 66, '10', 'GTech', 'BAL00000047', 32, 0, 1, '2024-07-10 05:43:10', NULL, 29),
(594, 'B00000004', 66, '10', 'GTech', 'BAL00000048', 32, 0, 1, '2024-07-10 05:43:10', NULL, 29),
(595, 'B00000004', 66, '10', 'GTech', 'BAL00000049', 32, 0, 1, '2024-07-10 05:43:10', NULL, 29),
(596, 'B00000004', 66, '10', 'GTech', 'BAL00000050', 32, 0, 1, '2024-07-10 05:43:10', NULL, 29),
(597, 'B00000005', 78, '950', 'Monobloc', 'OFF00000001', 32, 0, 1, '2024-07-10 05:46:46', NULL, 26),
(598, 'B00000005', 78, '950', 'Monobloc', 'OFF00000002', 32, 0, 1, '2024-07-10 05:46:46', NULL, 26),
(599, 'B00000005', 78, '950', 'Monobloc', 'OFF00000003', 32, 0, 1, '2024-07-10 05:46:46', NULL, 26),
(600, 'B00000005', 78, '950', 'Monobloc', 'OFF00000004', 32, 0, 1, '2024-07-10 05:46:46', NULL, 26),
(601, 'B00000005', 78, '950', 'Monobloc', 'OFF00000005', 32, 0, 1, '2024-07-10 05:46:46', NULL, 26),
(602, 'B00000005', 78, '950', 'Monobloc', 'OFF00000006', 32, 0, 1, '2024-07-10 05:46:46', NULL, 26),
(603, 'B00000005', 78, '950', 'Monobloc', 'OFF00000007', 32, 0, 1, '2024-07-10 05:46:46', NULL, 26),
(604, 'B00000005', 78, '950', 'Monobloc', 'OFF00000008', 32, 0, 1, '2024-07-10 05:46:46', NULL, 26),
(605, 'B00000005', 78, '950', 'Monobloc', 'OFF00000009', 32, 0, 1, '2024-07-10 05:46:46', NULL, 26),
(606, 'B00000005', 78, '950', 'Monobloc', 'OFF00000010', 32, 0, 1, '2024-07-10 05:46:46', NULL, 26),
(607, 'B00000005', 78, '950', 'Monobloc', 'OFF00000011', 32, 0, 1, '2024-07-10 05:46:46', NULL, 26),
(608, 'B00000005', 78, '950', 'Monobloc', 'OFF00000012', 32, 0, 1, '2024-07-10 05:46:46', NULL, 26),
(609, 'B00000005', 78, '950', 'Monobloc', 'OFF00000013', 32, 0, 1, '2024-07-10 05:46:46', NULL, 26),
(610, 'B00000005', 78, '950', 'Monobloc', 'OFF00000014', 32, 0, 1, '2024-07-10 05:46:46', NULL, 26),
(611, 'B00000005', 78, '950', 'Monobloc', 'OFF00000015', 32, 0, 1, '2024-07-10 05:46:46', NULL, 26),
(612, 'B00000006', 115, '1', '1', 'ANT00000001', 32, 0, 1, '2024-07-10 07:48:30', NULL, 20),
(613, 'B00000007', 115, '1', '1', 'ANT00000002', 32, 0, 1, '2024-07-10 07:52:43', NULL, 12),
(614, 'B00000008', 86, '5600', 'SUPERVISION', 'MON00000001', 32, 0, 1, '2024-07-11 05:06:06', NULL, 8),
(615, 'B00000008', 86, '5600', 'SUPERVISION', 'MON00000002', 32, 0, 1, '2024-07-11 05:06:06', NULL, 8),
(616, 'B00000008', 86, '5600', 'SUPERVISION', 'MON00000003', 32, 0, 1, '2024-07-11 05:06:06', NULL, 8),
(617, 'B00000008', 86, '5600', 'SUPERVISION', 'MON00000004', 32, 0, 1, '2024-07-11 05:06:06', NULL, 8),
(618, 'B00000008', 86, '5600', 'SUPERVISION', 'MON00000005', 32, 0, 1, '2024-07-11 05:06:06', NULL, 8),
(619, 'B00000008', 86, '5600', 'SUPERVISION', 'MON00000006', 32, 0, 1, '2024-07-11 05:06:06', NULL, 8),
(620, 'B00000008', 86, '5600', 'SUPERVISION', 'MON00000007', 32, 0, 1, '2024-07-11 05:06:06', NULL, 8),
(621, 'B00000008', 86, '5600', 'SUPERVISION', 'MON00000008', 32, 0, 1, '2024-07-11 05:06:06', NULL, 8),
(622, 'B00000008', 86, '5600', 'SUPERVISION', 'MON00000009', 32, 0, 1, '2024-07-11 05:06:06', NULL, 8),
(623, 'B00000008', 86, '5600', 'SUPERVISION', 'MON00000010', 32, 0, 1, '2024-07-11 05:06:06', NULL, 8),
(624, 'B00000008', 86, '5600', 'SUPERVISION', 'MON00000011', 32, 0, 1, '2024-07-11 05:06:06', NULL, 8),
(625, 'B00000008', 86, '5600', 'SUPERVISION', 'MON00000012', 32, 0, 1, '2024-07-11 05:06:06', NULL, 8),
(626, 'B00000008', 86, '5600', 'SUPERVISION', 'MON00000013', 32, 0, 1, '2024-07-11 05:06:07', NULL, 8),
(627, 'B00000008', 86, '5600', 'SUPERVISION', 'MON00000014', 32, 0, 1, '2024-07-11 05:06:07', NULL, 8),
(628, 'B00000008', 86, '5600', 'SUPERVISION', 'MON00000015', 32, 0, 1, '2024-07-11 05:06:07', NULL, 8),
(629, 'B00000008', 86, '5600', 'SUPERVISION', 'MON00000016', 32, 0, 1, '2024-07-11 05:06:07', NULL, 8),
(630, 'B00000008', 86, '5600', 'SUPERVISION', 'MON00000017', 32, 0, 1, '2024-07-11 05:06:07', NULL, 8),
(631, 'B00000008', 86, '5600', 'SUPERVISION', 'MON00000018', 32, 0, 1, '2024-07-11 05:06:07', NULL, 8),
(632, 'B00000008', 86, '5600', 'SUPERVISION', 'MON00000019', 32, 0, 1, '2024-07-11 05:06:07', NULL, 8),
(633, 'B00000008', 86, '5600', 'SUPERVISION', 'MON00000020', 32, 0, 1, '2024-07-11 05:06:07', NULL, 8),
(634, 'B00000008', 86, '5600', 'SUPERVISION', 'MON00000021', 32, 0, 1, '2024-07-11 05:06:07', NULL, 8),
(635, 'B00000008', 86, '5600', 'SUPERVISION', 'MON00000022', 32, 0, 1, '2024-07-11 05:06:07', NULL, 8),
(636, 'B00000008', 86, '5600', 'SUPERVISION', 'MON00000023', 32, 0, 1, '2024-07-11 05:06:07', NULL, 8),
(637, 'B00000008', 86, '5600', 'SUPERVISION', 'MON00000024', 32, 0, 1, '2024-07-11 05:06:07', NULL, 8),
(638, 'B00000008', 86, '5600', 'SUPERVISION', 'MON00000025', 32, 0, 1, '2024-07-11 05:06:07', NULL, 8),
(639, 'B00000009', 87, '450', 'Dell', 'KEY00000001', 32, 0, 1, '2024-07-11 05:07:06', NULL, 34),
(640, 'B00000009', 87, '450', 'Dell', 'KEY00000002', 32, 0, 1, '2024-07-11 05:07:06', NULL, 34),
(641, 'B00000009', 87, '450', 'Dell', 'KEY00000003', 32, 0, 1, '2024-07-11 05:07:06', NULL, 34),
(642, 'B00000009', 87, '450', 'Dell', 'KEY00000004', 32, 0, 1, '2024-07-11 05:07:06', NULL, 34),
(643, 'B00000009', 87, '450', 'Dell', 'KEY00000005', 32, 0, 1, '2024-07-11 05:07:06', NULL, 34),
(644, 'B00000009', 87, '450', 'Dell', 'KEY00000006', 32, 0, 1, '2024-07-11 05:07:06', NULL, 34),
(645, 'B00000009', 87, '450', 'Dell', 'KEY00000007', 32, 0, 1, '2024-07-11 05:07:06', NULL, 34),
(646, 'B00000009', 87, '450', 'Dell', 'KEY00000008', 32, 0, 1, '2024-07-11 05:07:06', NULL, 34),
(647, 'B00000009', 87, '450', 'Dell', 'KEY00000009', 32, 0, 1, '2024-07-11 05:07:06', NULL, 34),
(648, 'B00000009', 87, '450', 'Dell', 'KEY00000010', 32, 0, 1, '2024-07-11 05:07:06', NULL, 34),
(649, 'B00000009', 87, '450', 'Dell', 'KEY00000011', 32, 0, 1, '2024-07-11 05:07:06', NULL, 34),
(650, 'B00000009', 87, '450', 'Dell', 'KEY00000012', 32, 0, 1, '2024-07-11 05:07:06', NULL, 34),
(651, 'B00000009', 87, '450', 'Dell', 'KEY00000013', 32, 0, 1, '2024-07-11 05:07:06', NULL, 34),
(652, 'B00000009', 87, '450', 'Dell', 'KEY00000014', 32, 0, 1, '2024-07-11 05:07:06', NULL, 34),
(653, 'B00000009', 87, '450', 'Dell', 'KEY00000015', 32, 0, 1, '2024-07-11 05:07:06', NULL, 34),
(654, 'B00000009', 87, '450', 'Dell', 'KEY00000016', 32, 0, 1, '2024-07-11 05:07:06', NULL, 34),
(655, 'B00000009', 87, '450', 'Dell', 'KEY00000017', 32, 0, 1, '2024-07-11 05:07:07', NULL, 34),
(656, 'B00000009', 87, '450', 'Dell', 'KEY00000018', 32, 0, 1, '2024-07-11 05:07:07', NULL, 34),
(657, 'B00000009', 87, '450', 'Dell', 'KEY00000019', 32, 0, 1, '2024-07-11 05:07:07', NULL, 34),
(658, 'B00000009', 87, '450', 'Dell', 'KEY00000020', 32, 0, 1, '2024-07-11 05:07:07', NULL, 34),
(659, 'B00000010', 113, '150', 'Bose', 'MIC00000001', 32, 0, 1, '2024-07-11 10:36:15', NULL, 12),
(660, 'B00000010', 113, '150', 'Bose', 'MIC00000002', 32, 0, 1, '2024-07-11 10:36:15', NULL, 12),
(661, 'B00000010', 113, '150', 'Bose', 'MIC00000003', 32, 0, 1, '2024-07-11 10:36:15', NULL, 12),
(662, 'B00000010', 113, '150', 'Bose', 'MIC00000004', 32, 0, 1, '2024-07-11 10:36:15', NULL, 12),
(663, 'B00000010', 113, '150', 'Bose', 'MIC00000005', 32, 0, 1, '2024-07-11 10:36:15', NULL, 12),
(664, 'B00000010', 113, '150', 'Bose', 'MIC00000006', 32, 0, 1, '2024-07-11 10:36:15', NULL, 12),
(665, 'B00000010', 113, '150', 'Bose', 'MIC00000007', 32, 0, 1, '2024-07-11 10:36:15', NULL, 12),
(666, 'B00000010', 113, '150', 'Bose', 'MIC00000008', 32, 0, 1, '2024-07-11 10:36:15', NULL, 12),
(667, 'B00000010', 113, '150', 'Bose', 'MIC00000009', 32, 0, 1, '2024-07-11 10:36:15', NULL, 12),
(668, 'B00000010', 113, '150', 'Bose', 'MIC00000010', 32, 0, 1, '2024-07-11 10:36:15', NULL, 12),
(669, 'B00000010', 84, '15000', 'Asus', 'DES00000001', 32, 0, 1, '2024-07-11 10:36:15', NULL, 12),
(670, 'B00000010', 84, '15000', 'Asus', 'DES00000002', 32, 0, 1, '2024-07-11 10:36:15', NULL, 12),
(671, 'B00000010', 84, '15000', 'Asus', 'DES00000003', 32, 0, 1, '2024-07-11 10:36:15', NULL, 12),
(672, 'B00000010', 84, '15000', 'Asus', 'DES00000004', 32, 0, 1, '2024-07-11 10:36:15', NULL, 12),
(673, 'B00000010', 84, '15000', 'Asus', 'DES00000005', 32, 0, 1, '2024-07-11 10:36:15', NULL, 12),
(674, 'B00000011', 108, '22000', 'Canon', 'PRO00000001', 32, 0, 1, '2024-07-11 11:23:32', NULL, 13),
(675, 'B00000011', 108, '22000', 'Canon', 'PRO00000002', 32, 0, 1, '2024-07-11 11:23:32', NULL, 13),
(676, 'B00000011', 108, '22000', 'Canon', 'PRO00000003', 32, 0, 1, '2024-07-11 11:23:32', NULL, 13),
(677, 'B00000011', 108, '22000', 'Canon', 'PRO00000004', 32, 0, 1, '2024-07-11 11:23:33', NULL, 13),
(678, 'B00000011', 108, '22000', 'Canon', 'PRO00000005', 32, 0, 1, '2024-07-11 11:23:33', NULL, 13),
(679, 'B00000011', 108, '22000', 'Canon', 'PRO00000006', 32, 0, 1, '2024-07-11 11:23:33', NULL, 13),
(680, 'B00000011', 108, '22000', 'Canon', 'PRO00000007', 32, 0, 1, '2024-07-11 11:23:33', NULL, 13),
(681, 'B00000011', 108, '22000', 'Canon', 'PRO00000008', 32, 0, 1, '2024-07-11 11:23:33', NULL, 13),
(682, 'B00000011', 108, '22000', 'Canon', 'PRO00000009', 32, 0, 1, '2024-07-11 11:23:33', NULL, 13),
(683, 'B00000011', 108, '22000', 'Canon', 'PRO00000010', 32, 0, 1, '2024-07-11 11:23:33', NULL, 13),
(684, 'B00000011', 108, '22000', 'Canon', 'PRO00000011', 32, 0, 1, '2024-07-11 11:23:33', NULL, 13),
(685, 'B00000011', 108, '22000', 'Canon', 'PRO00000012', 32, 0, 1, '2024-07-11 11:23:33', NULL, 13),
(686, 'B00000011', 108, '22000', 'Canon', 'PRO00000013', 32, 0, 1, '2024-07-11 11:23:33', NULL, 13),
(687, 'B00000011', 108, '22000', 'Canon', 'PRO00000014', 32, 0, 1, '2024-07-11 11:23:33', NULL, 13),
(688, 'B00000011', 108, '22000', 'Canon', 'PRO00000015', 32, 0, 1, '2024-07-11 11:23:33', NULL, 13),
(689, 'B00000011', 90, '7499', 'Epson', 'PRI00000001', 32, 0, 1, '2024-07-11 11:23:33', NULL, 13),
(690, 'B00000011', 90, '7499', 'Epson', 'PRI00000002', 32, 0, 1, '2024-07-11 11:23:33', NULL, 13),
(691, 'B00000011', 90, '7499', 'Epson', 'PRI00000003', 32, 0, 1, '2024-07-11 11:23:33', NULL, 13),
(692, 'B00000011', 90, '7499', 'Epson', 'PRI00000004', 32, 0, 1, '2024-07-11 11:23:33', NULL, 13),
(693, 'B00000011', 90, '7499', 'Epson', 'PRI00000005', 32, 0, 1, '2024-07-11 11:23:33', NULL, 13),
(694, 'B00000011', 90, '7499', 'Epson', 'PRI00000006', 32, 0, 1, '2024-07-11 11:23:33', NULL, 13),
(695, 'B00000011', 90, '7499', 'Epson', 'PRI00000007', 32, 0, 1, '2024-07-11 11:23:33', NULL, 13),
(696, 'B00000011', 90, '7499', 'Epson', 'PRI00000008', 32, 0, 1, '2024-07-11 11:23:33', NULL, 13),
(697, 'B00000011', 90, '7499', 'Epson', 'PRI00000009', 32, 0, 1, '2024-07-11 11:23:33', NULL, 13),
(698, 'B00000011', 90, '7499', 'Epson', 'PRI00000010', 32, 0, 1, '2024-07-11 11:23:34', NULL, 13),
(699, 'B00000011', 90, '7499', 'Epson', 'PRI00000011', 32, 0, 1, '2024-07-11 11:23:34', NULL, 13),
(700, 'B00000011', 90, '7499', 'Epson', 'PRI00000012', 32, 0, 1, '2024-07-11 11:23:34', NULL, 13),
(709, 'B00000012', 85, '17999', 'Dell', 'LAP00000001', 32, 0, 1, '2024-07-12 11:50:36', NULL, 35),
(710, 'B00000012', 85, '17999', 'Dell', 'LAP00000002', 32, 0, 1, '2024-07-12 11:50:36', NULL, 35),
(711, 'B00000012', 85, '17999', 'Dell', 'LAP00000003', 32, 0, 1, '2024-07-12 11:50:36', NULL, 35),
(712, 'B00000012', 85, '17999', 'Dell', 'LAP00000004', 32, 0, 1, '2024-07-12 11:50:36', NULL, 35),
(713, 'B00000012', 85, '17999', 'Dell', 'LAP00000005', 32, 0, 1, '2024-07-12 11:50:36', NULL, 35),
(714, 'B00000012', 85, '17999', 'Dell', 'LAP00000006', 32, 0, 1, '2024-07-12 11:50:36', NULL, 35),
(715, 'B00000012', 85, '17999', 'Dell', 'LAP00000007', 32, 0, 1, '2024-07-12 11:50:36', NULL, 35),
(716, 'B00000012', 85, '17999', 'Dell', 'LAP00000008', 32, 0, 1, '2024-07-12 11:50:37', NULL, 35),
(717, 'B00000012', 85, '17999', 'Dell', 'LAP00000009', 32, 0, 1, '2024-07-12 11:50:37', NULL, 35),
(718, 'B00000012', 85, '17999', 'Dell', 'LAP00000010', 32, 0, 1, '2024-07-12 11:50:37', NULL, 35),
(719, 'B00000012', 85, '17999', 'Dell', 'LAP00000011', 32, 0, 1, '2024-07-12 11:50:37', NULL, 35),
(720, 'B00000012', 85, '17999', 'Dell', 'LAP00000012', 32, 0, 1, '2024-07-12 11:50:37', NULL, 35),
(721, 'B00000012', 85, '17999', 'Dell', 'LAP00000013', 32, 0, 1, '2024-07-12 11:50:37', NULL, 35),
(722, 'B00000012', 85, '17999', 'Dell', 'LAP00000014', 32, 0, 1, '2024-07-12 11:50:37', NULL, 35),
(723, 'B00000012', 85, '17999', 'Dell', 'LAP00000015', 32, 0, 1, '2024-07-12 11:50:37', NULL, 35),
(724, 'B00000012', 85, '17999', 'Dell', 'LAP00000016', 32, 0, 1, '2024-07-12 11:50:37', NULL, 35),
(725, 'B00000012', 85, '17999', 'Dell', 'LAP00000017', 32, 0, 1, '2024-07-12 11:50:37', NULL, 35),
(726, 'B00000012', 85, '17999', 'Dell', 'LAP00000018', 32, 0, 1, '2024-07-12 11:50:37', NULL, 35),
(727, 'B00000012', 85, '17999', 'Dell', 'LAP00000019', 32, 0, 1, '2024-07-12 11:50:37', NULL, 35),
(728, 'B00000012', 85, '17999', 'Dell', 'LAP00000020', 32, 0, 1, '2024-07-12 11:50:37', NULL, 35),
(729, 'B00000012', 85, '17999', 'Dell', 'LAP00000021', 32, 0, 1, '2024-07-12 11:50:37', NULL, 35),
(730, 'B00000012', 85, '17999', 'Dell', 'LAP00000022', 32, 0, 1, '2024-07-12 11:50:37', NULL, 35),
(731, 'B00000012', 85, '17999', 'Dell', 'LAP00000023', 32, 0, 1, '2024-07-12 11:50:37', NULL, 35),
(732, 'B00000012', 85, '17999', 'Dell', 'LAP00000024', 32, 0, 1, '2024-07-12 11:50:37', NULL, 35),
(733, 'B00000012', 85, '17999', 'Dell', 'LAP00000025', 32, 0, 1, '2024-07-12 11:50:37', NULL, 35),
(734, 'B00000013', 70, '55', 'Sharpie Accent', 'HIG00000001', 32, 0, 1, '2024-07-12 11:55:52', NULL, 6),
(735, 'B00000013', 70, '55', 'Sharpie Accent', 'HIG00000002', 32, 0, 1, '2024-07-12 11:55:52', NULL, 6),
(736, 'B00000013', 70, '55', 'Sharpie Accent', 'HIG00000003', 32, 0, 1, '2024-07-12 11:55:52', NULL, 6),
(737, 'B00000013', 70, '55', 'Sharpie Accent', 'HIG00000004', 32, 0, 1, '2024-07-12 11:55:52', NULL, 6),
(738, 'B00000013', 70, '55', 'Sharpie Accent', 'HIG00000005', 32, 0, 1, '2024-07-12 11:55:52', NULL, 6),
(739, 'B00000013', 70, '55', 'Sharpie Accent', 'HIG00000006', 32, 0, 1, '2024-07-12 11:55:52', NULL, 6),
(740, 'B00000013', 70, '55', 'Sharpie Accent', 'HIG00000007', 32, 0, 1, '2024-07-12 11:55:52', NULL, 6),
(741, 'B00000013', 70, '55', 'Sharpie Accent', 'HIG00000008', 32, 0, 1, '2024-07-12 11:55:52', NULL, 6),
(742, 'B00000013', 70, '55', 'Sharpie Accent', 'HIG00000009', 32, 0, 1, '2024-07-12 11:55:52', NULL, 6),
(743, 'B00000013', 70, '55', 'Sharpie Accent', 'HIG00000010', 32, 0, 1, '2024-07-12 11:55:53', NULL, 6),
(744, 'B00000013', 70, '55', 'Sharpie Accent', 'HIG00000011', 32, 0, 1, '2024-07-12 11:55:53', NULL, 6),
(745, 'B00000013', 70, '55', 'Sharpie Accent', 'HIG00000012', 32, 0, 1, '2024-07-12 11:55:53', NULL, 6),
(746, 'B00000013', 70, '55', 'Sharpie Accent', 'HIG00000013', 32, 0, 1, '2024-07-12 11:55:53', NULL, 6),
(747, 'B00000013', 70, '55', 'Sharpie Accent', 'HIG00000014', 32, 0, 1, '2024-07-12 11:55:53', NULL, 6),
(748, 'B00000013', 70, '55', 'Sharpie Accent', 'HIG00000015', 32, 0, 1, '2024-07-12 11:55:53', NULL, 6),
(749, 'B00000013', 70, '55', 'Sharpie Accent', 'HIG00000016', 32, 0, 1, '2024-07-12 11:55:53', NULL, 6),
(750, 'B00000013', 70, '55', 'Sharpie Accent', 'HIG00000017', 32, 0, 1, '2024-07-12 11:55:53', NULL, 6),
(751, 'B00000013', 70, '55', 'Sharpie Accent', 'HIG00000018', 32, 0, 1, '2024-07-12 11:55:53', NULL, 6),
(752, 'B00000013', 70, '55', 'Sharpie Accent', 'HIG00000019', 32, 0, 1, '2024-07-12 11:55:53', NULL, 6),
(753, 'B00000013', 70, '55', 'Sharpie Accent', 'HIG00000020', 32, 0, 1, '2024-07-12 11:55:53', NULL, 6),
(754, 'B00000013', 70, '55', 'Sharpie Accent', 'HIG00000021', 32, 0, 1, '2024-07-12 11:55:53', NULL, 6),
(755, 'B00000013', 70, '55', 'Sharpie Accent', 'HIG00000022', 32, 0, 1, '2024-07-12 11:55:53', NULL, 6),
(756, 'B00000013', 70, '55', 'Sharpie Accent', 'HIG00000023', 32, 0, 1, '2024-07-12 11:55:53', NULL, 6),
(757, 'B00000013', 70, '55', 'Sharpie Accent', 'HIG00000024', 32, 0, 1, '2024-07-12 11:55:53', NULL, 6),
(758, 'B00000013', 70, '55', 'Sharpie Accent', 'HIG00000025', 32, 0, 1, '2024-07-12 11:55:53', NULL, 6),
(759, 'B00000013', 70, '55', 'Sharpie Accent', 'HIG00000026', 32, 0, 1, '2024-07-12 11:55:53', NULL, 6),
(760, 'B00000013', 70, '55', 'Sharpie Accent', 'HIG00000027', 32, 0, 1, '2024-07-12 11:55:54', NULL, 6),
(761, 'B00000013', 70, '55', 'Sharpie Accent', 'HIG00000028', 32, 0, 1, '2024-07-12 11:55:54', NULL, 6),
(762, 'B00000013', 70, '55', 'Sharpie Accent', 'HIG00000029', 32, 0, 1, '2024-07-12 11:55:54', NULL, 6),
(763, 'B00000013', 70, '55', 'Sharpie Accent', 'HIG00000030', 32, 0, 1, '2024-07-12 11:55:54', NULL, 6),
(764, 'B00000013', 70, '55', 'Sharpie Accent', 'HIG00000031', 32, 0, 1, '2024-07-12 11:55:54', NULL, 6),
(765, 'B00000013', 70, '55', 'Sharpie Accent', 'HIG00000032', 32, 0, 1, '2024-07-12 11:55:54', NULL, 6),
(766, 'B00000013', 70, '55', 'Sharpie Accent', 'HIG00000033', 32, 0, 1, '2024-07-12 11:55:54', NULL, 6),
(767, 'B00000013', 70, '55', 'Sharpie Accent', 'HIG00000034', 32, 0, 1, '2024-07-12 11:55:54', NULL, 6),
(768, 'B00000013', 70, '55', 'Sharpie Accent', 'HIG00000035', 32, 0, 1, '2024-07-12 11:55:54', NULL, 6),
(769, 'B00000013', 70, '55', 'Sharpie Accent', 'HIG00000036', 32, 0, 1, '2024-07-12 11:55:54', NULL, 6),
(770, 'B00000013', 70, '55', 'Sharpie Accent', 'HIG00000037', 32, 0, 1, '2024-07-12 11:55:54', NULL, 6),
(771, 'B00000013', 70, '55', 'Sharpie Accent', 'HIG00000038', 32, 0, 1, '2024-07-12 11:55:54', NULL, 6),
(772, 'B00000013', 70, '55', 'Sharpie Accent', 'HIG00000039', 32, 0, 1, '2024-07-12 11:55:54', NULL, 6),
(773, 'B00000013', 70, '55', 'Sharpie Accent', 'HIG00000040', 32, 0, 1, '2024-07-12 11:55:54', NULL, 6),
(774, 'B00000013', 70, '55', 'Sharpie Accent', 'HIG00000041', 32, 0, 1, '2024-07-12 11:55:54', NULL, 6),
(775, 'B00000013', 70, '55', 'Sharpie Accent', 'HIG00000042', 32, 0, 1, '2024-07-12 11:55:54', NULL, 6),
(776, 'B00000013', 70, '55', 'Sharpie Accent', 'HIG00000043', 32, 0, 1, '2024-07-12 11:55:54', NULL, 6),
(777, 'B00000013', 70, '55', 'Sharpie Accent', 'HIG00000044', 32, 0, 1, '2024-07-12 11:55:54', NULL, 6),
(778, 'B00000013', 70, '55', 'Sharpie Accent', 'HIG00000045', 32, 0, 1, '2024-07-12 11:55:54', NULL, 6),
(779, 'B00000013', 70, '55', 'Sharpie Accent', 'HIG00000046', 32, 0, 1, '2024-07-12 11:55:54', NULL, 6),
(780, 'B00000013', 70, '55', 'Sharpie Accent', 'HIG00000047', 32, 0, 1, '2024-07-12 11:55:54', NULL, 6),
(781, 'B00000013', 70, '55', 'Sharpie Accent', 'HIG00000048', 32, 0, 1, '2024-07-12 11:55:55', NULL, 6),
(782, 'B00000013', 70, '55', 'Sharpie Accent', 'HIG00000049', 32, 0, 1, '2024-07-12 11:55:55', NULL, 6),
(783, 'B00000013', 70, '55', 'Sharpie Accent', 'HIG00000050', 32, 0, 1, '2024-07-12 11:55:55', NULL, 6),
(784, 'B00000014', 110, '780', 'Logitech', 'WEB00000001', 32, 0, 1, '2024-07-15 03:49:13', NULL, 36),
(785, 'B00000014', 110, '780', 'Logitech', 'WEB00000002', 32, 0, 1, '2024-07-15 03:49:13', NULL, 36),
(786, 'B00000014', 110, '780', 'Logitech', 'WEB00000003', 32, 0, 1, '2024-07-15 03:49:13', NULL, 36),
(787, 'B00000014', 110, '780', 'Logitech', 'WEB00000004', 32, 0, 1, '2024-07-15 03:49:13', NULL, 36),
(788, 'B00000014', 110, '780', 'Logitech', 'WEB00000005', 32, 0, 1, '2024-07-15 03:49:13', NULL, 36),
(789, 'B00000014', 110, '780', 'Logitech', 'WEB00000006', 32, 0, 1, '2024-07-15 03:49:13', NULL, 36),
(790, 'B00000014', 110, '780', 'Logitech', 'WEB00000007', 32, 0, 1, '2024-07-15 03:49:13', NULL, 36),
(791, 'B00000014', 110, '780', 'Logitech', 'WEB00000008', 32, 0, 1, '2024-07-15 03:49:13', NULL, 36),
(792, 'B00000014', 110, '780', 'Logitech', 'WEB00000009', 32, 0, 1, '2024-07-15 03:49:13', NULL, 36),
(793, 'B00000014', 110, '780', 'Logitech', 'WEB00000010', 32, 0, 1, '2024-07-15 03:49:13', NULL, 36),
(794, 'B00000014', 110, '780', 'Logitech', 'WEB00000011', 32, 0, 1, '2024-07-15 03:49:13', NULL, 36),
(795, 'B00000014', 110, '780', 'Logitech', 'WEB00000012', 32, 0, 1, '2024-07-15 03:49:13', NULL, 36),
(796, 'B00000014', 110, '780', 'Logitech', 'WEB00000013', 32, 0, 1, '2024-07-15 03:49:13', NULL, 36),
(797, 'B00000014', 110, '780', 'Logitech', 'WEB00000014', 32, 0, 1, '2024-07-15 03:49:13', NULL, 36),
(798, 'B00000014', 110, '780', 'Logitech', 'WEB00000015', 32, 0, 1, '2024-07-15 03:49:13', NULL, 36),
(799, 'B00000014', 110, '780', 'Logitech', 'WEB00000016', 32, 0, 1, '2024-07-15 03:49:13', NULL, 36),
(800, 'B00000014', 110, '780', 'Logitech', 'WEB00000017', 32, 0, 1, '2024-07-15 03:49:14', NULL, 36),
(801, 'B00000014', 110, '780', 'Logitech', 'WEB00000018', 32, 0, 1, '2024-07-15 03:49:14', NULL, 36),
(802, 'B00000014', 110, '780', 'Logitech', 'WEB00000019', 32, 0, 1, '2024-07-15 03:49:14', NULL, 36),
(803, 'B00000014', 110, '780', 'Logitech', 'WEB00000020', 32, 0, 1, '2024-07-15 03:49:14', NULL, 36),
(804, 'B00000014', 110, '780', 'Logitech', 'WEB00000021', 32, 0, 1, '2024-07-15 03:49:14', NULL, 36),
(805, 'B00000014', 110, '780', 'Logitech', 'WEB00000022', 32, 0, 1, '2024-07-15 03:49:14', NULL, 36),
(806, 'B00000014', 110, '780', 'Logitech', 'WEB00000023', 32, 0, 1, '2024-07-15 03:49:14', NULL, 36),
(807, 'B00000014', 110, '780', 'Logitech', 'WEB00000024', 32, 0, 1, '2024-07-15 03:49:14', NULL, 36),
(808, 'B00000014', 110, '780', 'Logitech', 'WEB00000025', 32, 0, 1, '2024-07-15 03:49:14', NULL, 36),
(809, 'B00000015', 67, '89', 'Kangaro', 'STA00000001', 32, 0, 1, '2024-07-16 03:37:50', NULL, 29),
(810, 'B00000015', 67, '89', 'Kangaro', 'STA00000002', 32, 0, 1, '2024-07-16 03:37:50', NULL, 29),
(811, 'B00000015', 67, '89', 'Kangaro', 'STA00000003', 32, 0, 1, '2024-07-16 03:37:50', NULL, 29),
(812, 'B00000015', 67, '89', 'Kangaro', 'STA00000004', 32, 0, 1, '2024-07-16 03:37:50', NULL, 29),
(813, 'B00000015', 67, '89', 'Kangaro', 'STA00000005', 32, 0, 1, '2024-07-16 03:37:50', NULL, 29),
(814, 'B00000015', 67, '89', 'Kangaro', 'STA00000006', 32, 0, 1, '2024-07-16 03:37:50', NULL, 29),
(815, 'B00000015', 67, '89', 'Kangaro', 'STA00000007', 32, 0, 1, '2024-07-16 03:37:51', NULL, 29),
(816, 'B00000015', 67, '89', 'Kangaro', 'STA00000008', 32, 0, 1, '2024-07-16 03:37:51', NULL, 29),
(817, 'B00000015', 67, '89', 'Kangaro', 'STA00000009', 32, 0, 1, '2024-07-16 03:37:51', NULL, 29),
(818, 'B00000015', 67, '89', 'Kangaro', 'STA00000010', 32, 0, 1, '2024-07-16 03:37:51', NULL, 29),
(819, 'B00000015', 67, '89', 'Kangaro', 'STA00000011', 32, 0, 1, '2024-07-16 03:37:51', NULL, 29),
(820, 'B00000015', 67, '89', 'Kangaro', 'STA00000012', 32, 0, 1, '2024-07-16 03:37:51', NULL, 29),
(821, 'B00000015', 67, '89', 'Kangaro', 'STA00000013', 32, 0, 1, '2024-07-16 03:37:51', NULL, 29),
(822, 'B00000015', 67, '89', 'Kangaro', 'STA00000014', 32, 0, 1, '2024-07-16 03:37:51', NULL, 29),
(823, 'B00000015', 67, '89', 'Kangaro', 'STA00000015', 32, 0, 1, '2024-07-16 03:37:51', NULL, 29),
(824, 'B00000015', 67, '89', 'Kangaro', 'STA00000016', 32, 0, 1, '2024-07-16 03:37:51', NULL, 29),
(825, 'B00000015', 67, '89', 'Kangaro', 'STA00000017', 32, 0, 1, '2024-07-16 03:37:51', NULL, 29),
(826, 'B00000015', 67, '89', 'Kangaro', 'STA00000018', 32, 0, 1, '2024-07-16 03:37:51', NULL, 29),
(827, 'B00000015', 67, '89', 'Kangaro', 'STA00000019', 32, 0, 1, '2024-07-16 03:37:51', NULL, 29),
(828, 'B00000015', 67, '89', 'Kangaro', 'STA00000020', 32, 0, 1, '2024-07-16 03:37:51', NULL, 29),
(829, 'B00000015', 67, '89', 'Kangaro', 'STA00000021', 32, 0, 1, '2024-07-16 03:37:51', NULL, 29),
(830, 'B00000015', 67, '89', 'Kangaro', 'STA00000022', 32, 0, 1, '2024-07-16 03:37:51', NULL, 29),
(831, 'B00000015', 67, '89', 'Kangaro', 'STA00000023', 32, 0, 1, '2024-07-16 03:37:51', NULL, 29),
(832, 'B00000015', 67, '89', 'Kangaro', 'STA00000024', 32, 0, 1, '2024-07-16 03:37:51', NULL, 29),
(833, 'B00000015', 67, '89', 'Kangaro', 'STA00000025', 32, 0, 1, '2024-07-16 03:37:51', NULL, 29),
(834, 'B00000016', 86, '3499', 'Goma', 'MON00000026', 32, 0, 1, '2024-07-16 05:56:41', NULL, 12),
(835, 'B00000016', 86, '3499', 'Goma', 'MON00000027', 32, 0, 1, '2024-07-16 05:56:41', NULL, 12),
(836, 'B00000016', 86, '3499', 'Goma', 'MON00000028', 32, 0, 1, '2024-07-16 05:56:41', NULL, 12),
(837, 'B00000016', 86, '3499', 'Goma', 'MON00000029', 32, 0, 1, '2024-07-16 05:56:41', NULL, 12),
(838, 'B00000016', 86, '3499', 'Goma', 'MON00000030', 32, 0, 1, '2024-07-16 05:56:41', NULL, 12),
(839, 'B00000016', 86, '3499', 'Goma', 'MON00000031', 32, 0, 1, '2024-07-16 05:56:41', NULL, 12),
(840, 'B00000016', 86, '3499', 'Goma', 'MON00000032', 32, 0, 1, '2024-07-16 05:56:41', NULL, 12),
(841, 'B00000016', 86, '3499', 'Goma', 'MON00000033', 32, 0, 1, '2024-07-16 05:56:41', NULL, 12),
(842, 'B00000016', 86, '3499', 'Goma', 'MON00000034', 32, 0, 1, '2024-07-16 05:56:41', NULL, 12),
(843, 'B00000016', 86, '3499', 'Goma', 'MON00000035', 32, 0, 1, '2024-07-16 05:56:41', NULL, 12),
(844, 'B00000017', 78, '10000', 'Corsiar', 'OFF00000016', 32, 0, 1, '2024-07-16 07:50:30', NULL, 28),
(845, 'B00000017', 78, '10000', 'Corsiar', 'OFF00000017', 32, 0, 1, '2024-07-16 07:50:30', NULL, 28),
(846, 'B00000017', 78, '10000', 'Corsiar', 'OFF00000018', 32, 0, 1, '2024-07-16 07:50:30', NULL, 28),
(847, 'B00000017', 78, '10000', 'Corsiar', 'OFF00000019', 32, 0, 1, '2024-07-16 07:50:30', NULL, 28),
(848, 'B00000017', 78, '10000', 'Corsiar', 'OFF00000020', 32, 0, 1, '2024-07-16 07:50:30', NULL, 28),
(849, 'B00000017', 78, '10000', 'Corsiar', 'OFF00000021', 32, 0, 1, '2024-07-16 07:50:30', NULL, 28),
(850, 'B00000017', 78, '10000', 'Corsiar', 'OFF00000022', 32, 0, 1, '2024-07-16 07:50:30', NULL, 28),
(851, 'B00000017', 78, '10000', 'Corsiar', 'OFF00000023', 32, 0, 1, '2024-07-16 07:50:31', NULL, 28),
(852, 'B00000017', 78, '10000', 'Corsiar', 'OFF00000024', 32, 0, 1, '2024-07-16 07:50:31', NULL, 28),
(853, 'B00000017', 78, '10000', 'Corsiar', 'OFF00000025', 32, 0, 1, '2024-07-16 07:50:31', NULL, 28),
(854, 'B00000017', 78, '10000', 'Corsiar', 'OFF00000026', 32, 0, 1, '2024-07-16 07:50:31', NULL, 28),
(855, 'B00000017', 78, '10000', 'Corsiar', 'OFF00000027', 32, 0, 1, '2024-07-16 07:50:31', NULL, 28),
(856, 'B00000017', 78, '10000', 'Corsiar', 'OFF00000028', 32, 0, 1, '2024-07-16 07:50:31', NULL, 28),
(857, 'B00000017', 78, '10000', 'Corsiar', 'OFF00000029', 32, 0, 1, '2024-07-16 07:50:31', NULL, 28),
(858, 'B00000017', 78, '10000', 'Corsiar', 'OFF00000030', 32, 0, 1, '2024-07-16 07:50:31', NULL, 28),
(859, 'B00000018', 88, '4999', 'Razer', 'MOU00000031', 32, 1, 1, '2024-07-16 07:54:19', NULL, 11),
(860, 'B00000018', 88, '4999', 'Razer', 'MOU00000032', 32, 1, 1, '2024-07-16 07:54:19', NULL, 11),
(861, 'B00000018', 88, '4999', 'Razer', 'MOU00000033', 32, 1, 1, '2024-07-16 07:54:19', NULL, 11),
(862, 'B00000018', 88, '4999', 'Razer', 'MOU00000034', 32, 1, 1, '2024-07-16 07:54:19', NULL, 11),
(863, 'B00000018', 88, '4999', 'Razer', 'MOU00000035', 32, 1, 1, '2024-07-16 07:54:19', NULL, 11),
(864, 'B00000019', 99, '75', 'TOPS Products', 'IND00000001', 32, 1, 1, '2024-07-16 08:03:59', NULL, 18),
(865, 'B00000019', 99, '75', 'TOPS Products', 'IND00000002', 32, 1, 1, '0000-00-00 00:00:00', NULL, 18),
(866, 'B00000019', 99, '75', 'TOPS Products', 'IND00000003', 32, 1, 1, '2024-07-16 08:03:59', NULL, 18),
(867, 'B00000019', 99, '75', 'TOPS Products', 'IND00000004', 32, 1, 1, '2024-07-16 08:03:59', NULL, 18),
(868, 'B00000019', 99, '75', 'TOPS Products', 'IND00000005', 32, 1, 1, '2024-07-16 08:03:59', NULL, 18),
(869, 'B00000019', 99, '75', 'TOPS Products', 'IND00000006', 32, 1, 1, '2024-07-16 08:03:59', NULL, 18),
(870, 'B00000019', 99, '75', 'TOPS Products', 'IND00000007', 32, 1, 1, '2024-07-16 08:03:59', NULL, 18),
(871, 'B00000019', 99, '75', 'TOPS Products', 'IND00000008', 32, 1, 1, '2024-07-16 08:03:59', NULL, 18),
(872, 'B00000019', 99, '75', 'TOPS Products', 'IND00000009', 32, 1, 1, '2024-07-16 08:03:59', NULL, 18),
(873, 'B00000019', 99, '75', 'TOPS Products', 'IND00000010', 32, 1, 1, '2024-07-16 08:03:59', NULL, 18),
(874, 'B00000019', 99, '75', 'TOPS Products', 'IND00000011', 32, 1, 1, '2024-07-16 08:03:59', NULL, 18),
(875, 'B00000019', 99, '75', 'TOPS Products', 'IND00000012', 32, 1, 1, '2024-07-16 08:03:59', NULL, 18),
(876, 'B00000019', 99, '75', 'TOPS Products', 'IND00000013', 32, 1, 1, '2024-07-16 08:03:59', NULL, 18),
(877, 'B00000019', 99, '75', 'TOPS Products', 'IND00000014', 32, 1, 1, '2024-07-16 08:03:59', NULL, 18),
(878, 'B00000019', 99, '75', 'TOPS Products', 'IND00000015', 32, 1, 1, '2024-07-16 08:03:59', NULL, 18),
(879, 'B00000019', 99, '75', 'TOPS Products', 'IND00000016', 32, 1, 1, '2024-07-16 08:03:59', NULL, 18),
(880, 'B00000019', 99, '75', 'TOPS Products', 'IND00000017', 32, 1, 1, '2024-07-16 08:03:59', NULL, 18),
(881, 'B00000019', 99, '75', 'TOPS Products', 'IND00000018', 32, 1, 1, '2024-07-16 08:03:59', NULL, 18),
(882, 'B00000019', 99, '75', 'TOPS Products', 'IND00000019', 32, 1, 1, '2024-07-16 08:03:59', NULL, 18),
(883, 'B00000019', 99, '75', 'TOPS Products', 'IND00000020', 32, 1, 1, '2024-07-16 08:03:59', NULL, 18),
(884, 'B00000020', 93, '150', 'HARD COPY', 'PRI00000001', 32, 0, 1, '2024-06-05 10:00:00', NULL, 15),
(885, 'B00000020', 93, '150', 'HARD COPY', 'PRI00000002', 32, 0, 1, '2024-06-05 10:00:00', NULL, 15),
(886, 'B00000020', 93, '150', 'HARD COPY', 'PRI00000003', 32, 0, 1, '2024-06-05 10:00:00', NULL, 15),
(887, 'B00000020', 93, '150', 'HARD COPY', 'PRI00000004', 32, 0, 1, '2024-06-05 10:00:00', NULL, 15),
(888, 'B00000020', 93, '150', 'HARD COPY', 'PRI00000005', 32, 0, 1, '2024-06-05 10:00:00', NULL, 15),
(889, 'B00000020', 93, '150', 'HARD COPY', 'PRI00000006', 32, 0, 1, '2024-06-05 10:00:00', NULL, 15),
(890, 'B00000020', 93, '150', 'HARD COPY', 'PRI00000007', 32, 0, 1, '2024-06-05 10:00:00', NULL, 15),
(891, 'B00000020', 93, '150', 'HARD COPY', 'PRI00000008', 32, 0, 1, '2024-06-05 10:00:00', NULL, 15),
(892, 'B00000020', 93, '150', 'HARD COPY', 'PRI00000009', 32, 0, 1, '2024-06-05 10:00:00', NULL, 15),
(893, 'B00000020', 93, '150', 'HARD COPY', 'PRI00000010', 32, 0, 1, '2024-06-05 10:00:00', NULL, 15);
INSERT INTO `inventory` (`inv_id`, `inv_tracking_id`, `inv_item_id`, `inv_unit_cost`, `inv_brand`, `inv_serial`, `inv_assigned_to`, `inv_status`, `inv_added_by`, `inv_added_at`, `inv_updated_at`, `inv_warehouse_id`) VALUES
(894, 'B00000020', 93, '150', 'HARD COPY', 'PRI00000011', 32, 0, 1, '2024-06-05 10:00:00', NULL, 15),
(895, 'B00000020', 93, '150', 'HARD COPY', 'PRI00000012', 32, 0, 1, '2024-06-05 10:00:00', NULL, 15),
(896, 'B00000020', 93, '150', 'HARD COPY', 'PRI00000013', 32, 0, 1, '2024-06-05 10:00:00', NULL, 15),
(897, 'B00000020', 93, '150', 'HARD COPY', 'PRI00000014', 32, 0, 1, '2024-06-05 10:00:00', NULL, 15),
(898, 'B00000020', 93, '150', 'HARD COPY', 'PRI00000015', 32, 0, 1, '2024-06-05 10:00:00', NULL, 15),
(902, 'B00000021', 117, '570', 'JIRA', 'PRO00000001', 32, 0, 1, '2024-06-25 12:00:00', NULL, 40),
(903, 'B00000021', 117, '570', 'JIRA', 'PRO00000002', 32, 0, 1, '2024-06-25 12:00:00', NULL, 40),
(1030, 'B00000022', 79, '12500', 'Uplift', 'DES00000001', 32, 0, 1, '2024-07-16 10:36:47', NULL, 25),
(1031, 'B00000022', 79, '12500', 'Uplift', 'DES00000002', 32, 0, 1, '2024-07-16 10:36:47', NULL, 25),
(1032, 'B00000022', 79, '12500', 'Uplift', 'DES00000003', 32, 0, 1, '2024-07-16 10:36:47', NULL, 25),
(1033, 'B00000022', 79, '12500', 'Uplift', 'DES00000004', 32, 0, 1, '2024-07-16 10:36:47', NULL, 25),
(1034, 'B00000022', 79, '12500', 'Uplift', 'DES00000005', 32, 0, 1, '2024-07-16 10:36:47', NULL, 25),
(1035, 'B00000022', 79, '12500', 'Uplift', 'DES00000006', 32, 0, 1, '2024-07-16 10:36:47', NULL, 25),
(1036, 'B00000022', 79, '12500', 'Uplift', 'DES00000007', 32, 0, 1, '2024-07-16 10:36:47', NULL, 25),
(1037, 'B00000022', 79, '12500', 'Uplift', 'DES00000008', 32, 0, 1, '2024-07-16 10:36:47', NULL, 25),
(1038, 'B00000022', 79, '12500', 'Uplift', 'DES00000009', 32, 0, 1, '2024-07-16 10:36:47', NULL, 25),
(1039, 'B00000022', 79, '12500', 'Uplift', 'DES00000010', 32, 0, 1, '2024-07-16 10:36:47', NULL, 25),
(1040, 'B00000023', 101, '15', 'Kripa Envelopes', 'ENV00000001', 32, 0, 1, '2024-07-16 10:40:20', NULL, 18),
(1041, 'B00000023', 101, '15', 'Kripa Envelopes', 'ENV00000002', 32, 0, 1, '2024-07-16 10:40:20', NULL, 18),
(1042, 'B00000023', 101, '15', 'Kripa Envelopes', 'ENV00000003', 32, 0, 1, '2024-07-16 10:40:20', NULL, 18),
(1043, 'B00000023', 101, '15', 'Kripa Envelopes', 'ENV00000004', 32, 0, 1, '2024-07-16 10:40:20', NULL, 18),
(1044, 'B00000023', 101, '15', 'Kripa Envelopes', 'ENV00000005', 32, 0, 1, '2024-07-16 10:40:20', NULL, 18),
(1045, 'B00000023', 101, '15', 'Kripa Envelopes', 'ENV00000006', 32, 0, 1, '2024-07-16 10:40:20', NULL, 18),
(1046, 'B00000023', 101, '15', 'Kripa Envelopes', 'ENV00000007', 32, 0, 1, '2024-07-16 10:40:20', NULL, 18),
(1047, 'B00000023', 101, '15', 'Kripa Envelopes', 'ENV00000008', 32, 0, 1, '2024-07-16 10:40:20', NULL, 18),
(1048, 'B00000023', 101, '15', 'Kripa Envelopes', 'ENV00000009', 32, 0, 1, '2024-07-16 10:40:20', NULL, 18),
(1049, 'B00000023', 101, '15', 'Kripa Envelopes', 'ENV00000010', 32, 0, 1, '2024-07-16 10:40:20', NULL, 18),
(1050, 'B00000023', 101, '15', 'Kripa Envelopes', 'ENV00000011', 32, 0, 1, '2024-07-16 10:40:20', NULL, 18),
(1051, 'B00000023', 101, '15', 'Kripa Envelopes', 'ENV00000012', 32, 0, 1, '2024-07-16 10:40:20', NULL, 18),
(1052, 'B00000023', 101, '15', 'Kripa Envelopes', 'ENV00000013', 32, 0, 1, '2024-07-16 10:40:20', NULL, 18),
(1053, 'B00000023', 101, '15', 'Kripa Envelopes', 'ENV00000014', 32, 0, 1, '2024-07-16 10:40:20', NULL, 18),
(1054, 'B00000023', 101, '15', 'Kripa Envelopes', 'ENV00000015', 32, 0, 1, '2024-07-16 10:40:20', NULL, 18),
(1055, 'B00000023', 101, '15', 'Kripa Envelopes', 'ENV00000016', 32, 0, 1, '2024-07-16 10:40:20', NULL, 18),
(1056, 'B00000023', 101, '15', 'Kripa Envelopes', 'ENV00000017', 32, 0, 1, '2024-07-16 10:40:20', NULL, 18),
(1057, 'B00000023', 101, '15', 'Kripa Envelopes', 'ENV00000018', 32, 0, 1, '2024-07-16 10:40:20', NULL, 18),
(1058, 'B00000023', 101, '15', 'Kripa Envelopes', 'ENV00000019', 32, 0, 1, '2024-07-16 10:40:21', NULL, 18),
(1059, 'B00000023', 101, '15', 'Kripa Envelopes', 'ENV00000020', 32, 0, 1, '2024-07-16 10:40:21', NULL, 18),
(1060, 'B00000023', 101, '15', 'Kripa Envelopes', 'ENV00000021', 32, 0, 1, '2024-07-16 10:40:21', NULL, 18),
(1061, 'B00000023', 101, '15', 'Kripa Envelopes', 'ENV00000022', 32, 0, 1, '2024-07-16 10:40:21', NULL, 18),
(1062, 'B00000023', 101, '15', 'Kripa Envelopes', 'ENV00000023', 32, 0, 1, '2024-07-16 10:40:21', NULL, 18),
(1063, 'B00000023', 101, '15', 'Kripa Envelopes', 'ENV00000024', 32, 0, 1, '2024-07-16 10:40:21', NULL, 18),
(1064, 'B00000023', 101, '15', 'Kripa Envelopes', 'ENV00000025', 32, 0, 1, '2024-07-16 10:40:21', NULL, 18),
(1065, 'B00000023', 101, '15', 'Kripa Envelopes', 'ENV00000026', 32, 0, 1, '2024-07-16 10:40:21', NULL, 18),
(1066, 'B00000023', 101, '15', 'Kripa Envelopes', 'ENV00000027', 32, 0, 1, '2024-07-16 10:40:21', NULL, 18),
(1067, 'B00000023', 101, '15', 'Kripa Envelopes', 'ENV00000028', 32, 0, 1, '2024-07-16 10:40:21', NULL, 18),
(1068, 'B00000023', 101, '15', 'Kripa Envelopes', 'ENV00000029', 32, 0, 1, '2024-07-16 10:40:21', NULL, 18),
(1069, 'B00000023', 101, '15', 'Kripa Envelopes', 'ENV00000030', 32, 0, 1, '2024-07-16 10:40:21', NULL, 18),
(1070, 'B00000023', 101, '15', 'Kripa Envelopes', 'ENV00000031', 32, 0, 1, '2024-07-16 10:40:21', NULL, 18),
(1071, 'B00000023', 101, '15', 'Kripa Envelopes', 'ENV00000032', 32, 0, 1, '2024-07-16 10:40:21', NULL, 18),
(1072, 'B00000023', 101, '15', 'Kripa Envelopes', 'ENV00000033', 32, 0, 1, '2024-07-16 10:40:21', NULL, 18),
(1073, 'B00000023', 101, '15', 'Kripa Envelopes', 'ENV00000034', 32, 0, 1, '2024-07-16 10:40:21', NULL, 18),
(1074, 'B00000023', 101, '15', 'Kripa Envelopes', 'ENV00000035', 32, 0, 1, '2024-07-16 10:40:21', NULL, 18),
(1075, 'B00000023', 101, '15', 'Kripa Envelopes', 'ENV00000036', 32, 0, 1, '2024-07-16 10:40:21', NULL, 18),
(1076, 'B00000023', 101, '15', 'Kripa Envelopes', 'ENV00000037', 32, 0, 1, '2024-07-16 10:40:21', NULL, 18),
(1077, 'B00000023', 101, '15', 'Kripa Envelopes', 'ENV00000038', 32, 0, 1, '2024-07-16 10:40:21', NULL, 18),
(1078, 'B00000023', 101, '15', 'Kripa Envelopes', 'ENV00000039', 32, 0, 1, '2024-07-16 10:40:21', NULL, 18),
(1079, 'B00000023', 101, '15', 'Kripa Envelopes', 'ENV00000040', 32, 0, 1, '2024-07-16 10:40:21', NULL, 18),
(1080, 'B00000023', 101, '15', 'Kripa Envelopes', 'ENV00000041', 32, 0, 1, '2024-07-16 10:40:21', NULL, 18),
(1081, 'B00000023', 101, '15', 'Kripa Envelopes', 'ENV00000042', 32, 0, 1, '2024-07-16 10:40:21', NULL, 18),
(1082, 'B00000023', 101, '15', 'Kripa Envelopes', 'ENV00000043', 32, 0, 1, '2024-07-16 10:40:21', NULL, 18),
(1083, 'B00000023', 101, '15', 'Kripa Envelopes', 'ENV00000044', 32, 0, 1, '2024-07-16 10:40:22', NULL, 18),
(1084, 'B00000023', 101, '15', 'Kripa Envelopes', 'ENV00000045', 32, 0, 1, '2024-07-16 10:40:22', NULL, 18),
(1085, 'B00000023', 101, '15', 'Kripa Envelopes', 'ENV00000046', 32, 0, 1, '2024-07-16 10:40:22', NULL, 18),
(1086, 'B00000023', 101, '15', 'Kripa Envelopes', 'ENV00000047', 32, 0, 1, '2024-07-16 10:40:22', NULL, 18),
(1087, 'B00000023', 101, '15', 'Kripa Envelopes', 'ENV00000048', 32, 0, 1, '2024-07-16 10:40:22', NULL, 18),
(1088, 'B00000023', 101, '15', 'Kripa Envelopes', 'ENV00000049', 32, 0, 1, '2024-07-16 10:40:22', NULL, 18),
(1089, 'B00000023', 101, '15', 'Kripa Envelopes', 'ENV00000050', 32, 0, 1, '2024-07-16 10:40:22', NULL, 18),
(1090, 'B00000023', 101, '15', 'Kripa Envelopes', 'ENV00000051', 32, 0, 1, '2024-07-16 10:40:22', NULL, 18),
(1091, 'B00000023', 101, '15', 'Kripa Envelopes', 'ENV00000052', 32, 0, 1, '2024-07-16 10:40:22', NULL, 18),
(1092, 'B00000023', 101, '15', 'Kripa Envelopes', 'ENV00000053', 32, 0, 1, '2024-07-16 10:40:22', NULL, 18),
(1093, 'B00000023', 101, '15', 'Kripa Envelopes', 'ENV00000054', 32, 0, 1, '2024-07-16 10:40:22', NULL, 18),
(1094, 'B00000023', 101, '15', 'Kripa Envelopes', 'ENV00000055', 32, 0, 1, '2024-07-16 10:40:22', NULL, 18),
(1095, 'B00000023', 101, '15', 'Kripa Envelopes', 'ENV00000056', 32, 0, 1, '2024-07-16 10:40:22', NULL, 18),
(1096, 'B00000023', 101, '15', 'Kripa Envelopes', 'ENV00000057', 32, 0, 1, '2024-07-16 10:40:22', NULL, 18),
(1097, 'B00000023', 101, '15', 'Kripa Envelopes', 'ENV00000058', 32, 0, 1, '2024-07-16 10:40:22', NULL, 18),
(1098, 'B00000023', 101, '15', 'Kripa Envelopes', 'ENV00000059', 32, 0, 1, '2024-07-16 10:40:22', NULL, 18),
(1099, 'B00000023', 101, '15', 'Kripa Envelopes', 'ENV00000060', 32, 0, 1, '2024-07-16 10:40:23', NULL, 18),
(1100, 'B00000023', 101, '15', 'Kripa Envelopes', 'ENV00000061', 32, 0, 1, '2024-07-16 10:40:23', NULL, 18),
(1101, 'B00000023', 101, '15', 'Kripa Envelopes', 'ENV00000062', 32, 0, 1, '2024-07-16 10:40:23', NULL, 18),
(1102, 'B00000023', 101, '15', 'Kripa Envelopes', 'ENV00000063', 32, 0, 1, '2024-07-16 10:40:23', NULL, 18),
(1103, 'B00000023', 101, '15', 'Kripa Envelopes', 'ENV00000064', 32, 0, 1, '2024-07-16 10:40:23', NULL, 18),
(1104, 'B00000023', 101, '15', 'Kripa Envelopes', 'ENV00000065', 32, 0, 1, '2024-07-16 10:40:23', NULL, 18),
(1105, 'B00000023', 101, '15', 'Kripa Envelopes', 'ENV00000066', 32, 0, 1, '2024-07-16 10:40:23', NULL, 18),
(1106, 'B00000023', 101, '15', 'Kripa Envelopes', 'ENV00000067', 32, 0, 1, '2024-07-16 10:40:23', NULL, 18),
(1107, 'B00000023', 101, '15', 'Kripa Envelopes', 'ENV00000068', 32, 0, 1, '2024-07-16 10:40:23', NULL, 18),
(1108, 'B00000023', 101, '15', 'Kripa Envelopes', 'ENV00000069', 32, 0, 1, '2024-07-16 10:40:23', NULL, 18),
(1109, 'B00000023', 101, '15', 'Kripa Envelopes', 'ENV00000070', 32, 0, 1, '2024-07-16 10:40:23', NULL, 18),
(1110, 'B00000023', 101, '15', 'Kripa Envelopes', 'ENV00000071', 32, 0, 1, '2024-07-16 10:40:23', NULL, 18),
(1111, 'B00000023', 101, '15', 'Kripa Envelopes', 'ENV00000072', 32, 0, 1, '2024-07-16 10:40:23', NULL, 18),
(1112, 'B00000023', 101, '15', 'Kripa Envelopes', 'ENV00000073', 32, 0, 1, '2024-07-16 10:40:23', NULL, 18),
(1113, 'B00000023', 101, '15', 'Kripa Envelopes', 'ENV00000074', 32, 0, 1, '2024-07-16 10:40:23', NULL, 18),
(1114, 'B00000023', 101, '15', 'Kripa Envelopes', 'ENV00000075', 32, 0, 1, '2024-07-16 10:40:23', NULL, 18),
(1115, 'B00000023', 101, '15', 'Kripa Envelopes', 'ENV00000076', 32, 0, 1, '2024-07-16 10:40:23', NULL, 18),
(1116, 'B00000023', 101, '15', 'Kripa Envelopes', 'ENV00000077', 32, 0, 1, '2024-07-16 10:40:23', NULL, 18),
(1117, 'B00000023', 101, '15', 'Kripa Envelopes', 'ENV00000078', 32, 0, 1, '2024-07-16 10:40:23', NULL, 18),
(1118, 'B00000023', 101, '15', 'Kripa Envelopes', 'ENV00000079', 32, 0, 1, '2024-07-16 10:40:23', NULL, 18),
(1119, 'B00000023', 101, '15', 'Kripa Envelopes', 'ENV00000080', 32, 0, 1, '2024-07-16 10:40:23', NULL, 18),
(1120, 'B00000023', 101, '15', 'Kripa Envelopes', 'ENV00000081', 32, 0, 1, '2024-07-16 10:40:23', NULL, 18),
(1121, 'B00000023', 101, '15', 'Kripa Envelopes', 'ENV00000082', 32, 0, 1, '2024-07-16 10:40:23', NULL, 18),
(1122, 'B00000023', 101, '15', 'Kripa Envelopes', 'ENV00000083', 32, 0, 1, '2024-07-16 10:40:23', NULL, 18),
(1123, 'B00000023', 101, '15', 'Kripa Envelopes', 'ENV00000084', 32, 0, 1, '2024-07-16 10:40:24', NULL, 18),
(1124, 'B00000023', 101, '15', 'Kripa Envelopes', 'ENV00000085', 32, 0, 1, '2024-07-16 10:40:24', NULL, 18),
(1125, 'B00000023', 101, '15', 'Kripa Envelopes', 'ENV00000086', 32, 0, 1, '2024-07-16 10:40:24', NULL, 18),
(1126, 'B00000023', 101, '15', 'Kripa Envelopes', 'ENV00000087', 32, 0, 1, '2024-07-16 10:40:24', NULL, 18),
(1127, 'B00000023', 101, '15', 'Kripa Envelopes', 'ENV00000088', 32, 0, 1, '2024-07-16 10:40:24', NULL, 18),
(1128, 'B00000023', 101, '15', 'Kripa Envelopes', 'ENV00000089', 32, 0, 1, '2024-07-16 10:40:24', NULL, 18),
(1129, 'B00000023', 101, '15', 'Kripa Envelopes', 'ENV00000090', 32, 0, 1, '2024-07-16 10:40:24', NULL, 18),
(1130, 'B00000023', 101, '15', 'Kripa Envelopes', 'ENV00000091', 32, 0, 1, '2024-07-16 10:40:24', NULL, 18),
(1131, 'B00000023', 101, '15', 'Kripa Envelopes', 'ENV00000092', 32, 0, 1, '2024-07-16 10:40:24', NULL, 18),
(1132, 'B00000023', 101, '15', 'Kripa Envelopes', 'ENV00000093', 32, 0, 1, '2024-07-16 10:40:24', NULL, 18),
(1133, 'B00000023', 101, '15', 'Kripa Envelopes', 'ENV00000094', 32, 0, 1, '2024-07-16 10:40:24', NULL, 18),
(1134, 'B00000023', 101, '15', 'Kripa Envelopes', 'ENV00000095', 32, 0, 1, '2024-07-16 10:40:24', NULL, 18),
(1135, 'B00000023', 101, '15', 'Kripa Envelopes', 'ENV00000096', 32, 0, 1, '2024-07-16 10:40:24', NULL, 18),
(1136, 'B00000023', 101, '15', 'Kripa Envelopes', 'ENV00000097', 32, 0, 1, '2024-07-16 10:40:24', NULL, 18),
(1137, 'B00000023', 101, '15', 'Kripa Envelopes', 'ENV00000098', 32, 0, 1, '2024-07-16 10:40:24', NULL, 18),
(1138, 'B00000023', 101, '15', 'Kripa Envelopes', 'ENV00000099', 32, 0, 1, '2024-07-16 10:40:24', NULL, 18),
(1139, 'B00000023', 101, '15', 'Kripa Envelopes', 'ENV00000100', 32, 0, 1, '2024-07-16 10:40:24', NULL, 18),
(1140, 'B00000024', 113, '450', 'Marshall', 'MIC00000011', 32, 0, 1, '2024-07-16 10:44:11', NULL, 11),
(1141, 'B00000024', 113, '450', 'Marshall', 'MIC00000012', 32, 0, 1, '2024-07-16 10:44:11', NULL, 11),
(1142, 'B00000024', 113, '450', 'Marshall', 'MIC00000013', 32, 0, 1, '2024-07-16 10:44:11', NULL, 11),
(1143, 'B00000024', 113, '450', 'Marshall', 'MIC00000014', 32, 0, 1, '2024-07-16 10:44:11', NULL, 11),
(1144, 'B00000024', 113, '450', 'Marshall', 'MIC00000015', 32, 0, 1, '2024-07-16 10:44:11', NULL, 11),
(1145, 'B00000025', 87, '1800', 'Reddragon', 'KEY00000021', 32, 0, 1, '2024-07-16 10:45:53', NULL, 38),
(1146, 'B00000025', 87, '1800', 'Reddragon', 'KEY00000022', 32, 0, 1, '2024-07-16 10:45:53', NULL, 38),
(1147, 'B00000025', 87, '1800', 'Reddragon', 'KEY00000023', 32, 0, 1, '2024-07-16 10:45:53', NULL, 38),
(1148, 'B00000025', 87, '1800', 'Reddragon', 'KEY00000024', 32, 0, 1, '2024-07-16 10:45:53', NULL, 38),
(1149, 'B00000025', 87, '1800', 'Reddragon', 'KEY00000025', 32, 0, 1, '2024-07-16 10:45:53', NULL, 38),
(1150, 'B00000025', 87, '1800', 'Reddragon', 'KEY00000026', 32, 0, 1, '2024-07-16 10:45:53', NULL, 38),
(1151, 'B00000025', 87, '1800', 'Reddragon', 'KEY00000027', 32, 0, 1, '2024-07-16 10:45:53', NULL, 38),
(1152, 'B00000025', 87, '1800', 'Reddragon', 'KEY00000028', 32, 0, 1, '2024-07-16 10:45:53', NULL, 38),
(1153, 'B00000025', 87, '1800', 'Reddragon', 'KEY00000029', 32, 0, 1, '2024-07-16 10:45:53', NULL, 38),
(1154, 'B00000025', 87, '1800', 'Reddragon', 'KEY00000030', 32, 0, 1, '2024-07-16 10:45:53', NULL, 38),
(1155, 'B00000025', 87, '1800', 'Reddragon', 'KEY00000031', 32, 0, 1, '2024-07-16 10:45:53', NULL, 38),
(1156, 'B00000025', 87, '1800', 'Reddragon', 'KEY00000032', 32, 0, 1, '2024-07-16 10:45:53', NULL, 38),
(1157, 'B00000025', 87, '1800', 'Reddragon', 'KEY00000033', 32, 0, 1, '2024-07-16 10:45:53', NULL, 38),
(1158, 'B00000025', 87, '1800', 'Reddragon', 'KEY00000034', 32, 0, 1, '2024-07-16 10:45:53', NULL, 38),
(1159, 'B00000025', 87, '1800', 'Reddragon', 'KEY00000035', 32, 0, 1, '2024-07-16 10:45:54', NULL, 38),
(1160, 'B00000025', 87, '1800', 'Reddragon', 'KEY00000036', 32, 0, 1, '2024-07-16 10:45:54', NULL, 38),
(1161, 'B00000025', 87, '1800', 'Reddragon', 'KEY00000037', 32, 0, 1, '2024-07-16 10:45:54', NULL, 38),
(1162, 'B00000025', 87, '1800', 'Reddragon', 'KEY00000038', 32, 0, 1, '2024-07-16 10:45:54', NULL, 38),
(1163, 'B00000025', 87, '1800', 'Reddragon', 'KEY00000039', 32, 0, 1, '2024-07-16 10:45:54', NULL, 38),
(1164, 'B00000025', 87, '1800', 'Reddragon', 'KEY00000040', 32, 0, 1, '2024-07-16 10:45:54', NULL, 38),
(1165, 'B00000025', 87, '1800', 'Reddragon', 'KEY00000041', 32, 0, 1, '2024-07-16 10:45:54', NULL, 38),
(1166, 'B00000025', 87, '1800', 'Reddragon', 'KEY00000042', 32, 0, 1, '2024-07-16 10:45:54', NULL, 38),
(1167, 'B00000025', 87, '1800', 'Reddragon', 'KEY00000043', 32, 0, 1, '2024-07-16 10:45:54', NULL, 38),
(1168, 'B00000025', 87, '1800', 'Reddragon', 'KEY00000044', 32, 0, 1, '2024-07-16 10:45:54', NULL, 38),
(1169, 'B00000025', 87, '1800', 'Reddragon', 'KEY00000045', 32, 0, 1, '2024-07-16 10:45:54', NULL, 38),
(1170, 'B00000025', 87, '1800', 'Reddragon', 'KEY00000046', 32, 0, 1, '2024-07-16 10:45:54', NULL, 38),
(1171, 'B00000025', 87, '1800', 'Reddragon', 'KEY00000047', 32, 0, 1, '2024-07-16 10:45:54', NULL, 38),
(1172, 'B00000025', 87, '1800', 'Reddragon', 'KEY00000048', 32, 0, 1, '2024-07-16 10:45:54', NULL, 38),
(1173, 'B00000025', 87, '1800', 'Reddragon', 'KEY00000049', 32, 0, 1, '2024-07-16 10:45:54', NULL, 38),
(1174, 'B00000025', 87, '1800', 'Reddragon', 'KEY00000050', 32, 0, 1, '2024-07-16 10:45:54', NULL, 38),
(1175, 'B00000025', 87, '1800', 'Reddragon', 'KEY00000051', 32, 0, 1, '2024-07-16 10:45:54', NULL, 38),
(1176, 'B00000025', 87, '1800', 'Reddragon', 'KEY00000052', 32, 0, 1, '2024-07-16 10:45:54', NULL, 38),
(1177, 'B00000025', 87, '1800', 'Reddragon', 'KEY00000053', 32, 0, 1, '2024-07-16 10:45:54', NULL, 38),
(1178, 'B00000025', 87, '1800', 'Reddragon', 'KEY00000054', 32, 0, 1, '2024-07-16 10:45:54', NULL, 38),
(1179, 'B00000025', 87, '1800', 'Reddragon', 'KEY00000055', 32, 0, 1, '2024-07-16 10:45:54', NULL, 38),
(1180, 'B00000025', 87, '1800', 'Reddragon', 'KEY00000056', 32, 0, 1, '2024-07-16 10:45:54', NULL, 38),
(1181, 'B00000025', 87, '1800', 'Reddragon', 'KEY00000057', 32, 0, 1, '2024-07-16 10:45:54', NULL, 38),
(1182, 'B00000025', 87, '1800', 'Reddragon', 'KEY00000058', 32, 0, 1, '2024-07-16 10:45:54', NULL, 38),
(1183, 'B00000025', 87, '1800', 'Reddragon', 'KEY00000059', 32, 0, 1, '2024-07-16 10:45:55', NULL, 38),
(1184, 'B00000025', 87, '1800', 'Reddragon', 'KEY00000060', 32, 0, 1, '2024-07-16 10:45:55', NULL, 38),
(1185, 'B00000025', 87, '1800', 'Reddragon', 'KEY00000061', 32, 0, 1, '2024-07-16 10:45:55', NULL, 38),
(1186, 'B00000025', 87, '1800', 'Reddragon', 'KEY00000062', 32, 0, 1, '2024-07-16 10:45:55', NULL, 38),
(1187, 'B00000025', 87, '1800', 'Reddragon', 'KEY00000063', 32, 0, 1, '2024-07-16 10:45:55', NULL, 38),
(1188, 'B00000025', 87, '1800', 'Reddragon', 'KEY00000064', 32, 0, 1, '2024-07-16 10:45:55', NULL, 38),
(1189, 'B00000025', 87, '1800', 'Reddragon', 'KEY00000065', 32, 0, 1, '2024-07-16 10:45:55', NULL, 38),
(1190, 'B00000025', 87, '1800', 'Reddragon', 'KEY00000066', 32, 0, 1, '2024-07-16 10:45:55', NULL, 38),
(1191, 'B00000025', 87, '1800', 'Reddragon', 'KEY00000067', 32, 0, 1, '2024-07-16 10:45:55', NULL, 38),
(1192, 'B00000025', 87, '1800', 'Reddragon', 'KEY00000068', 32, 0, 1, '2024-07-16 10:45:55', NULL, 38),
(1193, 'B00000025', 87, '1800', 'Reddragon', 'KEY00000069', 32, 0, 1, '2024-07-16 10:45:55', NULL, 38),
(1194, 'B00000025', 87, '1800', 'Reddragon', 'KEY00000070', 32, 0, 1, '2024-07-16 10:45:55', NULL, 38),
(1195, 'B00000025', 87, '1800', 'Reddragon', 'KEY00000071', 32, 0, 1, '2024-07-16 10:45:55', NULL, 38),
(1196, 'B00000025', 87, '1800', 'Reddragon', 'KEY00000072', 32, 0, 1, '2024-07-16 10:45:55', NULL, 38),
(1197, 'B00000025', 87, '1800', 'Reddragon', 'KEY00000073', 32, 0, 1, '2024-07-16 10:45:55', NULL, 38),
(1198, 'B00000025', 87, '1800', 'Reddragon', 'KEY00000074', 32, 0, 1, '2024-07-16 10:45:55', NULL, 38),
(1199, 'B00000025', 87, '1800', 'Reddragon', 'KEY00000075', 32, 0, 1, '2024-07-16 10:45:55', NULL, 38),
(1200, 'B00000025', 87, '1800', 'Reddragon', 'KEY00000076', 32, 0, 1, '2024-07-16 10:45:55', NULL, 38),
(1201, 'B00000025', 87, '1800', 'Reddragon', 'KEY00000077', 32, 0, 1, '2024-07-16 10:45:55', NULL, 38),
(1202, 'B00000025', 87, '1800', 'Reddragon', 'KEY00000078', 32, 0, 1, '2024-07-16 10:45:56', NULL, 38),
(1203, 'B00000025', 87, '1800', 'Reddragon', 'KEY00000079', 32, 0, 1, '2024-07-16 10:45:56', NULL, 38),
(1204, 'B00000025', 87, '1800', 'Reddragon', 'KEY00000080', 32, 0, 1, '2024-07-16 10:45:56', NULL, 38),
(1205, 'B00000025', 87, '1800', 'Reddragon', 'KEY00000081', 32, 0, 1, '2024-07-16 10:45:56', NULL, 38),
(1206, 'B00000025', 87, '1800', 'Reddragon', 'KEY00000082', 32, 0, 1, '2024-07-16 10:45:56', NULL, 38),
(1207, 'B00000025', 87, '1800', 'Reddragon', 'KEY00000083', 32, 0, 1, '2024-07-16 10:45:56', NULL, 38),
(1208, 'B00000025', 87, '1800', 'Reddragon', 'KEY00000084', 32, 0, 1, '2024-07-16 10:45:56', NULL, 38),
(1209, 'B00000025', 87, '1800', 'Reddragon', 'KEY00000085', 32, 0, 1, '2024-07-16 10:45:56', NULL, 38),
(1210, 'B00000025', 87, '1800', 'Reddragon', 'KEY00000086', 32, 0, 1, '2024-07-16 10:45:56', NULL, 38),
(1211, 'B00000025', 87, '1800', 'Reddragon', 'KEY00000087', 32, 0, 1, '2024-07-16 10:45:56', NULL, 38),
(1212, 'B00000025', 87, '1800', 'Reddragon', 'KEY00000088', 32, 0, 1, '2024-07-16 10:45:56', NULL, 38),
(1213, 'B00000025', 87, '1800', 'Reddragon', 'KEY00000089', 32, 0, 1, '2024-07-16 10:45:56', NULL, 38),
(1214, 'B00000025', 87, '1800', 'Reddragon', 'KEY00000090', 32, 0, 1, '2024-07-16 10:45:56', NULL, 38),
(1215, 'B00000025', 87, '1800', 'Reddragon', 'KEY00000091', 32, 0, 1, '2024-07-16 10:45:56', NULL, 38),
(1216, 'B00000025', 87, '1800', 'Reddragon', 'KEY00000092', 32, 0, 1, '2024-07-16 10:45:56', NULL, 38),
(1217, 'B00000025', 87, '1800', 'Reddragon', 'KEY00000093', 32, 0, 1, '2024-07-16 10:45:56', NULL, 38),
(1218, 'B00000025', 87, '1800', 'Reddragon', 'KEY00000094', 32, 0, 1, '2024-07-16 10:45:57', NULL, 38),
(1219, 'B00000025', 87, '1800', 'Reddragon', 'KEY00000095', 32, 0, 1, '2024-07-16 10:45:57', NULL, 38),
(1220, 'B00000025', 87, '1800', 'Reddragon', 'KEY00000096', 32, 0, 1, '2024-07-16 10:45:57', NULL, 38),
(1221, 'B00000025', 87, '1800', 'Reddragon', 'KEY00000097', 32, 0, 1, '2024-07-16 10:45:57', NULL, 38),
(1222, 'B00000025', 87, '1800', 'Reddragon', 'KEY00000098', 32, 0, 1, '2024-07-16 10:45:57', NULL, 38),
(1223, 'B00000025', 87, '1800', 'Reddragon', 'KEY00000099', 32, 0, 1, '2024-07-16 10:45:57', NULL, 38),
(1224, 'B00000025', 87, '1800', 'Reddragon', 'KEY00000100', 32, 0, 1, '2024-07-16 10:45:57', NULL, 38),
(1225, 'B00000025', 87, '1800', 'Reddragon', 'KEY00000101', 32, 0, 1, '2024-07-16 10:45:57', NULL, 38),
(1226, 'B00000025', 87, '1800', 'Reddragon', 'KEY00000102', 32, 0, 1, '2024-07-16 10:45:57', NULL, 38),
(1227, 'B00000025', 87, '1800', 'Reddragon', 'KEY00000103', 32, 0, 1, '2024-07-16 10:45:57', NULL, 38),
(1228, 'B00000025', 87, '1800', 'Reddragon', 'KEY00000104', 32, 0, 1, '2024-07-16 10:45:57', NULL, 38),
(1229, 'B00000025', 87, '1800', 'Reddragon', 'KEY00000105', 32, 0, 1, '2024-07-16 10:45:57', NULL, 38),
(1230, 'B00000025', 87, '1800', 'Reddragon', 'KEY00000106', 32, 0, 1, '2024-07-16 10:45:57', NULL, 38),
(1231, 'B00000025', 87, '1800', 'Reddragon', 'KEY00000107', 32, 0, 1, '2024-07-16 10:45:57', NULL, 38),
(1232, 'B00000025', 87, '1800', 'Reddragon', 'KEY00000108', 32, 0, 1, '2024-07-16 10:45:57', NULL, 38),
(1233, 'B00000025', 87, '1800', 'Reddragon', 'KEY00000109', 32, 0, 1, '2024-07-16 10:45:57', NULL, 38),
(1234, 'B00000025', 87, '1800', 'Reddragon', 'KEY00000110', 32, 0, 1, '2024-07-16 10:45:57', NULL, 38),
(1235, 'B00000025', 87, '1800', 'Reddragon', 'KEY00000111', 32, 0, 1, '2024-07-16 10:45:57', NULL, 38),
(1236, 'B00000025', 87, '1800', 'Reddragon', 'KEY00000112', 32, 0, 1, '2024-07-16 10:45:57', NULL, 38),
(1237, 'B00000025', 87, '1800', 'Reddragon', 'KEY00000113', 32, 0, 1, '2024-07-16 10:45:58', NULL, 38),
(1238, 'B00000025', 87, '1800', 'Reddragon', 'KEY00000114', 32, 0, 1, '2024-07-16 10:45:58', NULL, 38),
(1239, 'B00000025', 87, '1800', 'Reddragon', 'KEY00000115', 32, 0, 1, '2024-07-16 10:45:58', NULL, 38),
(1240, 'B00000025', 87, '1800', 'Reddragon', 'KEY00000116', 32, 0, 1, '2024-07-16 10:45:58', NULL, 38),
(1241, 'B00000025', 87, '1800', 'Reddragon', 'KEY00000117', 32, 0, 1, '2024-07-16 10:45:58', NULL, 38),
(1242, 'B00000025', 87, '1800', 'Reddragon', 'KEY00000118', 32, 0, 1, '2024-07-16 10:45:58', NULL, 38),
(1243, 'B00000025', 87, '1800', 'Reddragon', 'KEY00000119', 32, 0, 1, '2024-07-16 10:45:58', NULL, 38),
(1244, 'B00000025', 87, '1800', 'Reddragon', 'KEY00000120', 32, 0, 1, '2024-07-16 10:45:58', NULL, 38),
(1245, 'B00000026', 86, '4899', 'Nvision', 'MON00000036', 32, 0, 1, '2024-07-16 10:48:03', NULL, 7),
(1246, 'B00000026', 86, '4899', 'Nvision', 'MON00000037', 32, 0, 1, '2024-07-16 10:48:03', NULL, 7),
(1247, 'B00000026', 86, '4899', 'Nvision', 'MON00000038', 32, 0, 1, '2024-07-16 10:48:03', NULL, 7),
(1248, 'B00000026', 86, '4899', 'Nvision', 'MON00000039', 32, 0, 1, '2024-07-16 10:48:03', NULL, 7),
(1249, 'B00000026', 86, '4899', 'Nvision', 'MON00000040', 32, 0, 1, '2024-07-16 10:48:03', NULL, 7),
(1250, 'B00000026', 86, '4899', 'Nvision', 'MON00000041', 32, 0, 1, '2024-07-16 10:48:03', NULL, 7),
(1251, 'B00000026', 86, '4899', 'Nvision', 'MON00000042', 32, 0, 1, '2024-07-16 10:48:03', NULL, 7),
(1252, 'B00000026', 86, '4899', 'Nvision', 'MON00000043', 32, 0, 1, '2024-07-16 10:48:03', NULL, 7),
(1253, 'B00000026', 86, '4899', 'Nvision', 'MON00000044', 32, 0, 1, '2024-07-16 10:48:03', NULL, 7),
(1254, 'B00000026', 86, '4899', 'Nvision', 'MON00000045', 32, 0, 1, '2024-07-16 10:48:04', NULL, 7),
(1255, 'B00000026', 86, '4899', 'Nvision', 'MON00000046', 32, 0, 1, '2024-07-16 10:48:04', NULL, 7),
(1256, 'B00000026', 86, '4899', 'Nvision', 'MON00000047', 32, 0, 1, '2024-07-16 10:48:04', NULL, 7),
(1257, 'B00000026', 86, '4899', 'Nvision', 'MON00000048', 32, 0, 1, '2024-07-16 10:48:04', NULL, 7),
(1258, 'B00000026', 86, '4899', 'Nvision', 'MON00000049', 32, 0, 1, '2024-07-16 10:48:04', NULL, 7),
(1259, 'B00000026', 86, '4899', 'Nvision', 'MON00000050', 32, 0, 1, '2024-07-16 10:48:04', NULL, 7),
(1260, 'B00000026', 86, '4899', 'Nvision', 'MON00000051', 32, 0, 1, '2024-07-16 10:48:04', NULL, 7),
(1261, 'B00000026', 86, '4899', 'Nvision', 'MON00000052', 32, 0, 1, '2024-07-16 10:48:04', NULL, 7),
(1262, 'B00000026', 86, '4899', 'Nvision', 'MON00000053', 32, 0, 1, '2024-07-16 10:48:04', NULL, 7),
(1263, 'B00000026', 86, '4899', 'Nvision', 'MON00000054', 32, 0, 1, '2024-07-16 10:48:04', NULL, 7),
(1264, 'B00000026', 86, '4899', 'Nvision', 'MON00000055', 32, 0, 1, '2024-07-16 10:48:04', NULL, 7),
(1265, 'B00000026', 86, '4899', 'Nvision', 'MON00000056', 32, 0, 1, '2024-07-16 10:48:04', NULL, 7),
(1266, 'B00000026', 86, '4899', 'Nvision', 'MON00000057', 32, 0, 1, '2024-07-16 10:48:04', NULL, 7),
(1267, 'B00000026', 86, '4899', 'Nvision', 'MON00000058', 32, 0, 1, '2024-07-16 10:48:04', NULL, 7),
(1268, 'B00000026', 86, '4899', 'Nvision', 'MON00000059', 32, 0, 1, '2024-07-16 10:48:04', NULL, 7),
(1269, 'B00000026', 86, '4899', 'Nvision', 'MON00000060', 32, 0, 1, '2024-07-16 10:48:04', NULL, 7),
(1270, 'B00000026', 86, '4899', 'Nvision', 'MON00000061', 32, 0, 1, '2024-07-16 10:48:04', NULL, 7),
(1271, 'B00000026', 86, '4899', 'Nvision', 'MON00000062', 32, 0, 1, '2024-07-16 10:48:04', NULL, 7),
(1272, 'B00000026', 86, '4899', 'Nvision', 'MON00000063', 32, 0, 1, '2024-07-16 10:48:04', NULL, 7),
(1273, 'B00000026', 86, '4899', 'Nvision', 'MON00000064', 32, 0, 1, '2024-07-16 10:48:04', NULL, 7),
(1274, 'B00000026', 86, '4899', 'Nvision', 'MON00000065', 32, 0, 1, '2024-07-16 10:48:04', NULL, 7),
(1275, 'B00000026', 86, '4899', 'Nvision', 'MON00000066', 32, 0, 1, '2024-07-16 10:48:05', NULL, 7),
(1276, 'B00000026', 86, '4899', 'Nvision', 'MON00000067', 32, 0, 1, '2024-07-16 10:48:05', NULL, 7),
(1277, 'B00000026', 86, '4899', 'Nvision', 'MON00000068', 32, 0, 1, '2024-07-16 10:48:05', NULL, 7),
(1278, 'B00000026', 86, '4899', 'Nvision', 'MON00000069', 32, 0, 1, '2024-07-16 10:48:05', NULL, 7),
(1279, 'B00000026', 86, '4899', 'Nvision', 'MON00000070', 32, 0, 1, '2024-07-16 10:48:05', NULL, 7),
(1280, 'B00000026', 86, '4899', 'Nvision', 'MON00000071', 32, 0, 1, '2024-07-16 10:48:05', NULL, 7),
(1281, 'B00000026', 86, '4899', 'Nvision', 'MON00000072', 32, 0, 1, '2024-07-16 10:48:05', NULL, 7),
(1282, 'B00000026', 86, '4899', 'Nvision', 'MON00000073', 32, 0, 1, '2024-07-16 10:48:05', NULL, 7),
(1283, 'B00000026', 86, '4899', 'Nvision', 'MON00000074', 32, 0, 1, '2024-07-16 10:48:05', NULL, 7),
(1284, 'B00000026', 86, '4899', 'Nvision', 'MON00000075', 32, 0, 1, '2024-07-16 10:48:05', NULL, 7),
(1285, 'B00000026', 86, '4899', 'Nvision', 'MON00000076', 32, 0, 1, '2024-07-16 10:48:05', NULL, 7),
(1286, 'B00000026', 86, '4899', 'Nvision', 'MON00000077', 32, 0, 1, '2024-07-16 10:48:05', NULL, 7),
(1287, 'B00000026', 86, '4899', 'Nvision', 'MON00000078', 32, 0, 1, '2024-07-16 10:48:05', NULL, 7),
(1288, 'B00000026', 86, '4899', 'Nvision', 'MON00000079', 32, 0, 1, '2024-07-16 10:48:05', NULL, 7),
(1289, 'B00000026', 86, '4899', 'Nvision', 'MON00000080', 32, 0, 1, '2024-07-16 10:48:05', NULL, 7),
(1290, 'B00000026', 86, '4899', 'Nvision', 'MON00000081', 32, 0, 1, '2024-07-16 10:48:05', NULL, 7),
(1291, 'B00000026', 86, '4899', 'Nvision', 'MON00000082', 32, 0, 1, '2024-07-16 10:48:05', NULL, 7),
(1292, 'B00000026', 86, '4899', 'Nvision', 'MON00000083', 32, 0, 1, '2024-07-16 10:48:05', NULL, 7),
(1293, 'B00000026', 86, '4899', 'Nvision', 'MON00000084', 32, 0, 1, '2024-07-16 10:48:05', NULL, 7),
(1294, 'B00000026', 86, '4899', 'Nvision', 'MON00000085', 32, 0, 1, '2024-07-16 10:48:06', NULL, 7),
(1295, 'B00000027', 105, '10500', 'D-Link', 'WIR00000001', 32, 0, 1, '2024-07-16 10:51:34', NULL, 39),
(1296, 'B00000027', 105, '10500', 'D-Link', 'WIR00000002', 32, 0, 1, '2024-07-16 10:51:34', NULL, 39),
(1297, 'B00000027', 105, '10500', 'D-Link', 'WIR00000003', 32, 0, 1, '2024-07-16 10:51:34', NULL, 39),
(1298, 'B00000027', 105, '10500', 'D-Link', 'WIR00000004', 32, 0, 1, '2024-07-16 10:51:34', NULL, 39),
(1299, 'B00000027', 105, '10500', 'D-Link', 'WIR00000005', 32, 0, 1, '2024-07-16 10:51:34', NULL, 39),
(1300, 'B00000027', 105, '10500', 'D-Link', 'WIR00000006', 32, 0, 1, '2024-07-16 10:51:34', NULL, 39),
(1301, 'B00000027', 105, '10500', 'D-Link', 'WIR00000007', 32, 0, 1, '2024-07-16 10:51:34', NULL, 39),
(1302, 'B00000027', 105, '10500', 'D-Link', 'WIR00000008', 32, 0, 1, '2024-07-16 10:51:34', NULL, 39),
(1303, 'B00000027', 105, '10500', 'D-Link', 'WIR00000009', 32, 0, 1, '2024-07-16 10:51:35', NULL, 39),
(1304, 'B00000027', 105, '10500', 'D-Link', 'WIR00000010', 32, 0, 1, '2024-07-16 10:51:35', NULL, 39),
(1305, 'B00000027', 105, '10500', 'D-Link', 'WIR00000011', 32, 0, 1, '2024-07-16 10:51:35', NULL, 39),
(1306, 'B00000027', 105, '10500', 'D-Link', 'WIR00000012', 32, 0, 1, '2024-07-16 10:51:35', NULL, 39),
(1307, 'B00000027', 105, '10500', 'D-Link', 'WIR00000013', 32, 0, 1, '2024-07-16 10:51:35', NULL, 39),
(1308, 'B00000027', 105, '10500', 'D-Link', 'WIR00000014', 32, 0, 1, '2024-07-16 10:51:35', NULL, 39),
(1309, 'B00000027', 105, '10500', 'D-Link', 'WIR00000015', 32, 0, 1, '2024-07-16 10:51:35', NULL, 39),
(1310, 'B00000027', 105, '10500', 'D-Link', 'WIR00000016', 32, 0, 1, '2024-07-16 10:51:35', NULL, 39),
(1311, 'B00000027', 105, '10500', 'D-Link', 'WIR00000017', 32, 0, 1, '2024-07-16 10:51:35', NULL, 39),
(1312, 'B00000027', 105, '10500', 'D-Link', 'WIR00000018', 32, 0, 1, '2024-07-16 10:51:35', NULL, 39),
(1313, 'B00000027', 105, '10500', 'D-Link', 'WIR00000019', 32, 0, 1, '2024-07-16 10:51:35', NULL, 39),
(1314, 'B00000027', 105, '10500', 'D-Link', 'WIR00000020', 32, 0, 1, '2024-07-16 10:51:35', NULL, 39),
(1315, 'B00000027', 105, '10500', 'D-Link', 'WIR00000021', 32, 0, 1, '2024-07-16 10:51:35', NULL, 39),
(1316, 'B00000027', 105, '10500', 'D-Link', 'WIR00000022', 32, 0, 1, '2024-07-16 10:51:35', NULL, 39),
(1317, 'B00000027', 105, '10500', 'D-Link', 'WIR00000023', 32, 0, 1, '2024-07-16 10:51:35', NULL, 39),
(1318, 'B00000027', 105, '10500', 'D-Link', 'WIR00000024', 32, 0, 1, '2024-07-16 10:51:35', NULL, 39),
(1319, 'B00000027', 105, '10500', 'D-Link', 'WIR00000025', 32, 0, 1, '2024-07-16 10:51:35', NULL, 39),
(1320, 'B00000027', 105, '10500', 'D-Link', 'WIR00000026', 32, 0, 1, '2024-07-16 10:51:35', NULL, 39),
(1321, 'B00000027', 105, '10500', 'D-Link', 'WIR00000027', 32, 0, 1, '2024-07-16 10:51:35', NULL, 39),
(1322, 'B00000027', 105, '10500', 'D-Link', 'WIR00000028', 32, 0, 1, '2024-07-16 10:51:35', NULL, 39),
(1323, 'B00000027', 105, '10500', 'D-Link', 'WIR00000029', 32, 0, 1, '2024-07-16 10:51:35', NULL, 39),
(1324, 'B00000027', 105, '10500', 'D-Link', 'WIR00000030', 32, 0, 1, '2024-07-16 10:51:35', NULL, 39),
(1325, 'B00000028', 81, '1', '1', 'BOO00000001', 32, 1, 1, '2024-07-17 05:15:50', NULL, 12),
(1326, 'B00000029', 116, '1', '1', 'ACC00000001', 32, 0, 1, '2024-07-17 05:23:24', NULL, 20),
(1327, 'B00000030', 116, '1', '1', 'ACC00000002', 32, 0, 1, '2024-07-17 10:24:34', NULL, 20),
(1328, 'B00000031', 116, '1', '1', 'ACC00000003', 32, 0, 1, '2024-07-17 11:30:08', NULL, 12);

-- --------------------------------------------------------

--
-- Table structure for table `inventory_tracking`
--

CREATE TABLE `inventory_tracking` (
  `inv_trk_id` int(10) UNSIGNED NOT NULL,
  `inv_trk_batch_num` varchar(255) NOT NULL,
  `inv_trk_location_id` int(10) UNSIGNED NOT NULL,
  `inv_trk_total_cost` varchar(255) DEFAULT NULL,
  `inv_trk_notes` varchar(250) NOT NULL,
  `inv_trk_supplier_id` int(10) UNSIGNED NOT NULL,
  `inv_trk_date_delivered` datetime NOT NULL,
  `inv_trk_status` int(10) UNSIGNED NOT NULL,
  `inv_trk_added_by` int(10) UNSIGNED NOT NULL,
  `inv_trk_added_at` datetime NOT NULL,
  `inv_trk_updated_at` datetime DEFAULT NULL,
  `inv_trk_attachment` text DEFAULT NULL,
  `inv_trk_warehouse_id` int(10) UNSIGNED DEFAULT NULL,
  `inv_trk_courier` int(10) UNSIGNED DEFAULT NULL,
  `inv_trk_task_id` int(10) UNSIGNED DEFAULT NULL
) ENGINE=InnoDB DEFAULT CHARSET=utf8mb4;

--
-- Dumping data for table `inventory_tracking`
--

INSERT INTO `inventory_tracking` (`inv_trk_id`, `inv_trk_batch_num`, `inv_trk_location_id`, `inv_trk_total_cost`, `inv_trk_notes`, `inv_trk_supplier_id`, `inv_trk_date_delivered`, `inv_trk_status`, `inv_trk_added_by`, `inv_trk_added_at`, `inv_trk_updated_at`, `inv_trk_attachment`, `inv_trk_warehouse_id`, `inv_trk_courier`, `inv_trk_task_id`) VALUES
(29, 'B00000001', 32, '8000.00', 'CD-R King the Best stocks ever!', 45, '2024-07-10 11:00:00', 0, 1, '2024-07-10 05:30:55', NULL, '3426608.jpg', 12, 4, NULL),
(30, 'B00000002', 32, '4000.00', 'Restocking wipes', 49, '2024-07-10 11:00:00', 0, 1, '2024-07-10 05:33:58', NULL, 'website2.jpg', 20, 2, NULL),
(31, 'B00000003', 32, '5250.00', 'Mouse restock for Production Department.', 43, '2024-07-10 02:00:00', 0, 1, '2024-07-10 05:36:04', NULL, '3426609.jpg', 7, 4, NULL),
(32, 'B00000004', 32, '500.00', 'Test loading', 54, '2024-07-10 12:00:00', 0, 1, '2024-07-10 05:43:08', NULL, 'website3.jpg', 29, 4, NULL),
(33, 'B00000005', 32, '14250.00', 'Chair re stocking.', 52, '2024-07-11 14:50:00', 0, 1, '2024-07-10 05:46:46', NULL, '34266010.jpg', 26, 2, NULL),
(34, 'B00000006', 32, '1.00', 'sample batch directory', 49, '2024-07-10 12:00:00', 0, 1, '2024-07-10 07:48:30', NULL, './uploads/B00000006/B00000006-20240710074830.jpg', 20, 4, NULL),
(35, 'B00000007', 32, '1.00', 'test full path file', 45, '2024-07-10 12:00:00', 0, 1, '2024-07-10 07:52:43', NULL, './uploads/B00000007/B00000007-20240710075243.pdf', 12, 2, NULL),
(36, 'B00000008', 32, '140000.00', 'New brand new, top of the line monitors received. <3', 43, '2024-07-15 15:00:00', 0, 1, '2024-07-11 05:06:06', NULL, './uploads/B00000008/B00000008-20240711050606.jpg', 8, 4, NULL),
(37, 'B00000009', 32, '9000.00', 'New brand new, top of the line keyboards received. <3', 56, '2024-07-15 13:00:00', 0, 1, '2024-07-11 05:07:06', NULL, './uploads/B00000009/B00000009-20240711050706.jpg', 34, 4, NULL),
(38, 'B00000010', 32, '76500.00', 'Microphone and Desktops', 45, '2024-07-15 12:00:00', 0, 1, '2024-07-11 10:36:15', NULL, './uploads/B00000010/B00000010-20240711103615.jpg', 12, 2, NULL),
(39, 'B00000011', 32, '419988.00', 'Projector and printer restocking', 46, '2024-07-18 06:15:00', 0, 3, '2024-07-11 11:23:32', NULL, './uploads/B00000011/B00000011-20240711112332.pdf', 13, 2, NULL),
(48, 'B00000012', 32, '449975.00', 'Laptop Restocking', 57, '2024-07-12 11:51:41', 0, 1, '2024-07-12 11:50:36', NULL, './uploads/B00000012/B00000012-20240712115036.jpg', 35, 4, 88),
(49, 'B00000013', 32, '2750.00', 'Highlighter restock!', 42, '2024-07-16 08:25:23', 0, 1, '2024-07-12 11:55:52', NULL, './uploads/B00000013/B00000013-20240712115552.jpg', 6, 4, 89),
(50, 'B00000014', 32, '19500.00', 'Webcam restocking.', 57, '2024-07-15 03:52:15', 0, 1, '2024-07-15 03:49:12', NULL, './uploads/B00000014/B00000014-20240715034912.jpg', 36, 4, 90),
(51, 'B00000015', 32, '2225.00', 'Stapler restock', 54, '2024-07-16 08:19:37', 0, 1, '2024-07-16 03:37:50', NULL, './uploads/B00000015/B00000015-20240716033750.jpg', 29, 4, 91),
(52, 'B00000016', 32, '34990.00', 'Monitor restocking for Keppel Office.', 45, '2024-07-16 08:32:58', 0, 1, '2024-07-16 05:56:41', NULL, './uploads/B00000016/B00000016-20240716055641.jpg', 12, 4, 92),
(53, 'B00000017', 32, '150000.00', 'First time stocking futuristic chair <3', 53, '2024-07-16 08:32:59', 0, 1, '2024-07-16 07:50:30', NULL, './uploads/B00000017/B00000017-20240716075030.jpg', 28, 4, 93),
(54, 'B00000018', 32, '24995.00', 'Generic mouse restock. ', 45, '0000-00-00 00:00:00', 1, 1, '2024-07-16 07:54:18', NULL, './uploads/B00000018/B00000018-20240716075418.jpg', 11, 4, 94),
(55, 'B00000019', 32, '1500.00', 'Index cards for HR Department.', 48, '0000-00-00 00:00:00', 1, 1, '2024-07-16 08:03:59', NULL, './uploads/B00000019/B00000019-20240716080359.jpg', 18, 2, 95),
(56, 'B00000020', 32, '2250.00', 'Bondpaper stock for IS Team.', 47, '2024-06-05 10:00:00', 0, 1, '2024-07-16 08:43:54', NULL, './uploads/B00000020/B00000020-20240716084354.jpg', 15, 4, 96),
(60, 'B00000021', 32, '1140.00', 'PM Software for Team Internal Systems', 59, '2024-06-25 12:00:00', 0, 1, '2024-07-16 09:33:20', NULL, './uploads/B00000021/B00000021-20240716093320.png', 40, 4, NULL),
(65, 'B00000022', 32, '125000.00', 'Keppel Office working desks stocking for managers.', 52, '2024-01-17 12:00:00', 0, 1, '2024-07-16 10:36:47', NULL, './uploads/B00000022/B00000022-20240716103647.jpg', 25, 4, NULL),
(66, 'B00000023', 32, '1500.00', 'Envelopes for cash incentives <3', 48, '2024-02-14 12:15:00', 0, 1, '2024-07-16 10:40:20', NULL, './uploads/B00000023/B00000023-20240716104020.jpg', 18, 2, NULL),
(67, 'B00000024', 32, '2250.00', 'Microphone for EDT, for their monthly games <3', 45, '2024-04-10 10:10:00', 0, 1, '2024-07-16 10:44:11', NULL, './uploads/B00000024/B00000024-20240716104411.png', 11, 4, NULL),
(68, 'B00000025', 32, '180000.00', 'Keyboards for Web Development Team.', 58, '2024-04-10 10:10:00', 0, 1, '2024-07-16 10:45:53', NULL, './uploads/B00000025/B00000025-20240716104553.jpg', 38, 4, NULL),
(69, 'B00000026', 32, '244950.00', '24 inch monitors for design team.', 43, '2024-04-10 10:10:00', 0, 1, '2024-07-16 10:48:03', NULL, './uploads/B00000026/B00000026-20240716104803.jpg', 7, 4, NULL),
(70, 'B00000027', 32, '315000.00', 'WAP for IT Staff Department', 59, '2024-04-26 13:45:00', 0, 1, '2024-07-16 10:51:34', NULL, './uploads/B00000027/B00000027-20240716105134.jpg', 39, 2, NULL),
(71, 'B00000028', 32, '1.00', 'test location name', 45, '0000-00-00 00:00:00', 1, 1, '2024-07-17 05:15:50', NULL, './uploads/B00000028/B00000028-20240717051550.jpg', 12, 4, 100),
(72, 'B00000029', 32, '1.00', 'test static loc', 49, '2024-07-03 23:00:00', 0, 1, '2024-07-17 05:23:23', NULL, './uploads/B00000029/B00000029-20240717052323.jpg', 20, 4, NULL),
(73, 'B00000030', 32, '1.00', 'Test new directory', 49, '2024-07-03 12:00:00', 0, 1, '2024-07-17 10:24:34', NULL, './uploads/32/B00000030/B00000030-20240717102434.jpg', 20, 2, NULL),
(74, 'B00000031', 32, '1.00', 'testtest123123123', 45, '2024-07-08 12:00:00', 0, 1, '2024-07-17 11:30:08', NULL, './uploads/32/B00000031/B00000031-20240717113008.jpg', 12, 4, NULL);

-- --------------------------------------------------------

--
-- Table structure for table `items`
--

CREATE TABLE `items` (
  `item_id` int(10) UNSIGNED NOT NULL,
  `item_name` varchar(255) NOT NULL,
  `item_category_id` int(10) UNSIGNED NOT NULL,
  `item_location_id` int(10) UNSIGNED DEFAULT NULL,
  `item_status` int(11) DEFAULT NULL,
  `item_added_by` int(10) UNSIGNED DEFAULT NULL,
  `item_added_at` datetime DEFAULT NULL,
  `item_updated_at` datetime DEFAULT NULL,
  `item_deleted_at` datetime DEFAULT NULL
) ENGINE=InnoDB DEFAULT CHARSET=utf8mb4;

--
-- Dumping data for table `items`
--

INSERT INTO `items` (`item_id`, `item_name`, `item_category_id`, `item_location_id`, `item_status`, `item_added_by`, `item_added_at`, `item_updated_at`, `item_deleted_at`) VALUES
(66, 'Ballpoint Pen', 52, 32, 0, 1, '2024-07-10 10:33:13', NULL, NULL),
(67, 'Stapler', 52, 32, 0, 1, '2024-07-10 10:33:13', NULL, NULL),
(68, 'Paper Clips', 52, 32, 0, 1, '2024-07-10 10:33:13', NULL, NULL),
(69, 'Desk Organizer', 52, 32, 0, 1, '2024-07-10 10:33:13', NULL, NULL),
(70, 'Highlighter', 52, 32, 0, 1, '2024-07-10 10:33:13', NULL, NULL),
(71, 'Sticky Notes', 52, 32, 0, 1, '2024-07-10 10:33:13', NULL, NULL),
(72, 'Hand Sanitizer', 53, 32, 0, 1, '2024-07-10 10:33:13', NULL, NULL),
(73, 'Disinfectant Wipes', 53, 32, 0, 1, '2024-07-10 10:33:13', NULL, NULL),
(74, 'Trash Bags', 53, 32, 0, 1, '2024-07-10 10:33:13', NULL, NULL),
(75, 'Broom', 53, 32, 0, 1, '2024-07-10 10:33:13', NULL, NULL),
(76, 'Dustpan', 53, 32, 0, 1, '2024-07-10 10:33:13', NULL, NULL),
(77, 'Mop', 53, 32, 0, 1, '2024-07-10 10:33:13', NULL, NULL),
(78, 'Office Chair', 54, 32, 0, 1, '2024-07-10 10:33:13', NULL, NULL),
(79, 'Desk', 54, 32, 0, 1, '2024-07-10 10:33:13', NULL, NULL),
(80, 'Filing Cabinet', 54, 32, 0, 1, '2024-07-10 10:33:13', NULL, NULL),
(81, 'Bookshelf', 54, 32, 0, 1, '2024-07-10 10:33:13', NULL, NULL),
(82, 'Conference Table', 54, 32, 0, 1, '2024-07-10 10:33:13', NULL, NULL),
(83, 'Reception Desk', 54, 32, 0, 1, '2024-07-10 10:33:13', NULL, NULL),
(84, 'Desktop Computer', 55, 32, 0, 1, '2024-07-10 10:33:13', NULL, NULL),
(85, 'Laptop', 55, 32, 0, 1, '2024-07-10 10:33:13', NULL, NULL),
(86, 'Monitor', 55, 32, 0, 1, '2024-07-10 10:33:13', NULL, NULL),
(87, 'Keyboard', 55, 32, 0, 1, '2024-07-10 10:33:13', NULL, NULL),
(88, 'Mouse', 55, 32, 0, 1, '2024-07-10 10:33:13', NULL, NULL),
(89, 'External Hard Drive', 55, 32, 0, 1, '2024-07-10 10:33:13', NULL, NULL),
(90, 'Printer', 56, 32, 0, 1, '2024-07-10 10:33:13', NULL, NULL),
(91, 'Scanner', 56, 32, 0, 1, '2024-07-10 10:33:13', NULL, NULL),
(92, 'Ink Cartridge', 56, 32, 0, 1, '2024-07-10 10:33:13', NULL, NULL),
(93, 'Printer Paper', 56, 32, 0, 1, '2024-07-10 10:33:13', NULL, NULL),
(94, 'Laminator', 56, 32, 0, 1, '2024-07-10 10:33:13', NULL, NULL),
(95, 'Binding Machine', 56, 32, 0, 1, '2024-07-10 10:33:13', NULL, NULL),
(96, 'Notebook', 57, 32, 0, 1, '2024-07-10 10:33:13', NULL, NULL),
(97, 'Notepad', 57, 32, 0, 1, '2024-07-10 10:33:13', NULL, NULL),
(98, 'Legal Pad', 57, 32, 0, 1, '2024-07-10 10:33:13', NULL, NULL),
(99, 'Index Cards', 57, 32, 0, 1, '2024-07-10 10:33:13', NULL, NULL),
(100, 'Sticky Tabs', 57, 32, 0, 1, '2024-07-10 10:33:13', NULL, NULL),
(101, 'Envelopes', 57, 32, 0, 1, '2024-07-10 10:33:13', NULL, NULL),
(102, 'Router', 58, 32, 0, 1, '2024-07-10 10:33:13', NULL, NULL),
(103, 'Switch', 58, 32, 0, 1, '2024-07-10 10:33:13', NULL, NULL),
(104, 'Ethernet Cable', 58, 32, 0, 1, '2024-07-10 10:33:13', NULL, NULL),
(105, 'Wireless Access Point', 58, 32, 0, 1, '2024-07-10 10:33:13', NULL, NULL),
(106, 'Modem', 58, 32, 0, 1, '2024-07-10 10:33:13', NULL, NULL),
(107, 'Firewall Appliance', 58, 32, 0, 1, '2024-07-10 10:33:13', NULL, NULL),
(108, 'Projector', 59, 32, 0, 1, '2024-07-10 10:33:13', NULL, NULL),
(109, 'Conference Phone', 59, 32, 0, 1, '2024-07-10 10:33:13', NULL, NULL),
(110, 'Webcam', 59, 32, 0, 1, '2024-07-10 10:33:13', NULL, NULL),
(111, 'Speaker', 59, 32, 0, 1, '2024-07-10 10:33:13', NULL, NULL),
(112, 'Headset', 59, 32, 0, 1, '2024-07-10 10:33:13', NULL, NULL),
(113, 'Microphone', 59, 32, 0, 1, '2024-07-10 10:33:13', NULL, NULL),
(114, 'Office Suite Software', 60, 32, 0, 1, '2024-07-10 10:33:13', NULL, NULL),
(115, 'Antivirus Software', 60, 32, 0, 1, '2024-07-10 10:33:13', NULL, NULL),
(116, 'Accounting Software', 60, 32, 0, 1, '2024-07-10 10:33:13', NULL, NULL),
(117, 'Project Management Software', 60, 32, 0, 1, '2024-07-10 10:33:13', NULL, NULL),
(118, 'Design Software', 60, 32, 0, 1, '2024-07-10 10:33:13', NULL, NULL),
(119, 'CRM Software', 60, 32, 0, 1, '2024-07-10 10:33:13', NULL, NULL),
(120, 'TEST ITEM WITH LOC 32', 55, 32, 0, 1, '2024-07-17 04:38:03', NULL, NULL);

-- --------------------------------------------------------

--
-- Table structure for table `locations`
--

CREATE TABLE `locations` (
  `location_id` int(10) UNSIGNED NOT NULL,
  `location_name` varchar(255) NOT NULL,
  `location_address` varchar(255) NOT NULL,
  `location_status` int(10) NOT NULL,
  `location_added_by` int(10) UNSIGNED DEFAULT NULL,
  `location_added_at` datetime DEFAULT NULL,
  `location_updated_at` datetime DEFAULT NULL,
  `location_deleted_at` datetime DEFAULT NULL
) ENGINE=InnoDB DEFAULT CHARSET=utf8mb4;

--
-- Dumping data for table `locations`
--

INSERT INTO `locations` (`location_id`, `location_name`, `location_address`, `location_status`, `location_added_by`, `location_added_at`, `location_updated_at`, `location_deleted_at`) VALUES
(32, 'Keppel Office', 'Keppel Center, Cebu City, Cebu', 0, 1, '2024-07-10 10:25:29', NULL, NULL),
(33, 'IT Park Office', 'IT Park, Lahug, Cebu City, Cebu', 0, 1, '2024-07-10 10:25:29', NULL, NULL),
(34, 'Mactan Office', 'Mactan, Lapu-Lapu City, Cebu', 0, 1, '2024-07-10 10:25:29', NULL, NULL),
(35, 'Banilad Office', 'Banilad, Mandaue City, Cebu', 0, 1, '2024-07-10 10:25:29', NULL, NULL),
(36, 'Talisay Office', 'Talisay City, Cebu', 0, 1, '2024-07-10 10:25:29', NULL, NULL);

-- --------------------------------------------------------

--
-- Table structure for table `report_logs`
--

CREATE TABLE `report_logs` (
  `rlog_id` int(10) UNSIGNED NOT NULL,
  `rlog_item_id` int(10) UNSIGNED NOT NULL,
  `rlog_serial` varchar(255) DEFAULT NULL,
  `rlog_remarks` varchar(250) DEFAULT NULL,
  `rlog_attachment` text DEFAULT NULL,
  `rlog_status` enum('Pending','Reviewed','Disposed','Replaced') NOT NULL,
  `rlog_added_by` int(10) UNSIGNED DEFAULT NULL,
  `rlog_added_at` datetime DEFAULT NULL,
  `rlog_updated_at` datetime DEFAULT NULL,
  `rlog_location_id` int(10) UNSIGNED DEFAULT NULL
) ENGINE=InnoDB DEFAULT CHARSET=utf8mb4;

--
-- Dumping data for table `report_logs`
--

INSERT INTO `report_logs` (`rlog_id`, `rlog_item_id`, `rlog_serial`, `rlog_remarks`, `rlog_attachment`, `rlog_status`, `rlog_added_by`, `rlog_added_at`, `rlog_updated_at`, `rlog_location_id`) VALUES
(2, 78, 'OFF00000001', 'Guba akong chair, need replacement ASAP!!!', './uploads_reports/OFF00000001/OFF00000001-20240711042800.jpg', 'Disposed', 18, '2024-07-11 04:28:00', '2024-07-11 07:06:08', 32),
(3, 66, 'BAL00000042', 'Akong ballpen dina moagi, need replacement pag dali', './uploads_reports/BAL00000042/BAL00000042-20240711043212.jpg', 'Replaced', 1, '2024-07-11 04:32:12', '2024-07-11 05:56:30', 32),
(4, 112, 'HEA00000017', 'Akong headset bungol.', './uploads_reports/HEA00000017/HEA00000017-20240711043500.jpg', 'Pending', 2, '2024-07-11 04:35:00', NULL, 32),
(5, 115, 'ANT00000002', 'Antivirus di mogana!', './uploads_reports/ANT00000002/ANT00000002-20240711044027.jpg', 'Pending', 3, '2024-07-11 04:40:27', NULL, 32),
(7, 86, 'MON00000013', 'Faulty monitor, needs replacement!', './uploads_reports/MON00000013/MON00000013-20240711073735.pdf', 'Reviewed', 1, '2024-07-11 07:37:35', '2024-07-15 08:39:20', 32),
(8, 110, 'WEB00000017', 'Webcam is broken.', './uploads_reports/WEB00000017/WEB00000017-20240715095126.jpg', 'Disposed', 1, '2024-07-15 09:51:26', '2024-07-15 09:52:06', 32);

-- --------------------------------------------------------

--
-- Table structure for table `suppliers`
--

CREATE TABLE `suppliers` (
  `supplier_id` int(10) UNSIGNED NOT NULL,
  `supplier_name` varchar(255) NOT NULL,
  `supplier_contact_person` varchar(255) NOT NULL,
  `supplier_contact_no` varchar(50) NOT NULL,
  `supplier_bank_name` varchar(255) NOT NULL,
  `supplier_account_name` varchar(255) NOT NULL,
  `supplier_account_no` varchar(50) NOT NULL,
  `supplier_status` int(10) NOT NULL,
  `supplier_added_by` int(10) UNSIGNED DEFAULT NULL,
  `supplier_added_at` datetime DEFAULT NULL,
  `supplier_updated_at` datetime DEFAULT NULL,
  `supplier_deleted_at` datetime DEFAULT NULL
) ENGINE=InnoDB DEFAULT CHARSET=utf8mb4;

--
-- Dumping data for table `suppliers`
--

INSERT INTO `suppliers` (`supplier_id`, `supplier_name`, `supplier_contact_person`, `supplier_contact_no`, `supplier_bank_name`, `supplier_account_name`, `supplier_account_no`, `supplier_status`, `supplier_added_by`, `supplier_added_at`, `supplier_updated_at`, `supplier_deleted_at`) VALUES
(40, 'National Book Store', 'Juan Dela Cruz', '09171234567', 'BDO', 'Juan Dela Cruz', '1234567890', 0, 1, '2024-07-10 10:17:53', NULL, NULL),
(41, 'Office Warehouse', 'Maria Clara', '09281234567', 'BPI', 'Maria Clara', '0987654321', 0, 2, '2024-07-10 10:17:53', NULL, NULL),
(42, 'SM Stationery', 'Jose Rizal', '09391234567', 'Metrobank', 'Jose Rizal', '1122334455', 0, 3, '2024-07-10 10:17:53', NULL, NULL),
(43, 'PC Express', 'Andres Bonifacio', '09471234567', 'Security Bank', 'Andres Bonifacio', '2233445566', 0, 18, '2024-07-10 10:17:53', NULL, NULL),
(44, 'Abenson', 'Gabriela Silang', '09581234567', 'PNB', 'Gabriela Silang', '3344556677', 0, 19, '2024-07-10 10:17:53', NULL, NULL),
(45, 'CD-R King', 'Emilio Aguinaldo', '09671234567', 'UnionBank', 'Emilio Aguinaldo', '4455667788', 0, 20, '2024-07-10 10:17:53', NULL, NULL),
(46, 'Staples PH', 'Apolinario Mabini', '09781234567', 'LandBank', 'Apolinario Mabini', '5566778899', 0, 1, '2024-07-10 10:17:53', NULL, NULL),
(47, 'Philcopy Corporation', 'Melchora Aquino', '09871234567', 'BDO', 'Melchora Aquino', '6677889900', 0, 2, '2024-07-10 10:17:53', NULL, NULL),
(48, 'OTC Office Supplies', 'Lapu-Lapu', '09971234567', 'BPI', 'Lapu-Lapu', '7788990011', 0, 3, '2024-07-10 10:17:53', NULL, NULL),
(49, 'CleanSource Solutions', 'Marcelo H. Del Pilar', '09181234567', 'Metrobank', 'Marcelo H. Del Pilar', '8899001122', 0, 18, '2024-07-10 10:17:53', NULL, NULL),
(50, 'Janitorial Services Inc.', 'Diego Silang', '09291234567', 'Security Bank', 'Diego Silang', '9900112233', 0, 19, '2024-07-10 10:17:53', NULL, NULL),
(51, 'CleanTech Supplies', 'Antonio Luna', '09381234567', 'PNB', 'Antonio Luna', '1122443355', 0, 20, '2024-07-10 10:17:53', NULL, NULL),
(52, 'Furniture One', 'Manuel L. Quezon', '09481234567', 'UnionBank', 'Manuel L. Quezon', '2233554466', 0, 1, '2024-07-10 10:17:53', NULL, NULL),
(53, 'Office Innovations', 'Sergio Osme?a', '09571234567', 'LandBank', 'Sergio Osme?a', '3344665577', 0, 2, '2024-07-10 10:17:53', NULL, NULL),
(54, 'Workspace Solutions', 'Ramon Magsaysay', '09681234567', 'BDO', 'Ramon Magsaysay', '4455776688', 0, 3, '2024-07-10 10:17:53', NULL, NULL),
(55, 'Ergo Office Supplies', 'Corazon Aquino', '09771234567', 'BPI', 'Corazon Aquino', '5566887799', 0, 18, '2024-07-10 10:17:53', NULL, NULL),
(56, 'PC Worx', 'Fidel V. Ramos', '09881234567', 'Metrobank', 'Fidel V. Ramos', '6677998899', 0, 19, '2024-07-10 10:17:53', NULL, NULL),
(57, 'VillMan Computers', 'Gloria Macapagal Arroyo', '09981234567', 'Security Bank', 'Gloria Macapagal Arroyo', '7788009911', 0, 20, '2024-07-10 10:17:53', NULL, NULL),
(58, 'Electroworld', 'Benigno Aquino III', '09191234567', 'PNB', 'Benigno Aquino III', '8899110022', 0, 1, '2024-07-10 10:17:53', NULL, NULL),
(59, 'Silicon Valley Computer Group', 'Rodrigo Duterte', '09201234567', 'UnionBank', 'Rodrigo Duterte', '9900221133', 0, 2, '2024-07-10 10:17:53', NULL, NULL);

-- --------------------------------------------------------

--
-- Table structure for table `tasks`
--

CREATE TABLE `tasks` (
  `task_id` int(10) UNSIGNED NOT NULL,
  `task_assigned_by` int(10) UNSIGNED NOT NULL,
  `task_title` varchar(100) NOT NULL,
  `task_description` text DEFAULT NULL,
  `task_created_at` datetime NOT NULL,
  `task_updated_at` datetime DEFAULT NULL,
  `task_completed_at` datetime DEFAULT NULL,
  `task_status` enum('unassigned','pending','in_progress','done') NOT NULL DEFAULT 'unassigned',
  `task_is_deleted` int(11) DEFAULT 0,
  `task_deleted_at` datetime DEFAULT NULL,
  `task_due_date` datetime DEFAULT NULL,
  `task_assigned_to_team` int(10) UNSIGNED DEFAULT NULL,
  `task_assigned_to_user` int(10) UNSIGNED DEFAULT NULL
) ENGINE=InnoDB DEFAULT CHARSET=utf8mb4;

--
-- Dumping data for table `tasks`
--

INSERT INTO `tasks` (`task_id`, `task_assigned_by`, `task_title`, `task_description`, `task_created_at`, `task_updated_at`, `task_completed_at`, `task_status`, `task_is_deleted`, `task_deleted_at`, `task_due_date`, `task_assigned_to_team`, `task_assigned_to_user`) VALUES
(62, 1, 'Prepare Monthly Sales Report', 'Compile sales data from all regions, create visual charts and graphs, and draft a comprehensive report summarizing the monthly sales performance.', '2024-07-02 11:41:43', NULL, NULL, 'pending', 0, NULL, '2024-07-29 12:25:00', NULL, 19),
(63, 1, 'Organize Team Meeting', 'Schedule a meeting with the team to discuss project updates, allocate tasks, and address any issues or concerns. Prepare an agenda and distribute it to all team members in advance.', '2024-07-02 11:42:06', NULL, NULL, 'pending', 0, NULL, '2024-07-16 02:00:00', NULL, 20),
(64, 1, 'Create Marketing Materials', 'Design brochures, flyers, and social media graphics for the upcoming product launch. Collaborate with the marketing team to ensure consistency in branding.', '2024-07-02 11:43:14', NULL, NULL, 'pending', 0, NULL, '2024-07-08 12:00:00', NULL, 2),
(65, 1, 'Conduct Employee Training Session', 'Organize a training session for new employees on company policies, procedures, and software tools. Prepare training materials and coordinate with the HR department.', '2024-07-02 11:43:33', NULL, NULL, 'pending', 0, NULL, '2024-07-04 15:00:00', NULL, 18),
(66, 1, 'Review Financial Statements', 'Analyze the company\'s financial statements, identify discrepancies, and prepare a summary report for the finance department. Ensure all financial records are accurate.', '2024-07-02 11:43:52', '2024-07-16 08:33:01', '2024-07-16 08:33:01', 'done', 0, NULL, '2024-07-03 17:00:00', NULL, 4),
(67, 1, 'Arrange Business Travel', 'Book flights, hotels, and transportation for the upcoming business trip. Prepare a detailed itinerary and distribute it to the traveling employees.', '2024-07-02 11:44:09', NULL, NULL, 'pending', 0, NULL, '2024-07-10 10:00:00', NULL, 3),
(68, 1, 'Monitor Social Media Channels', 'Track and respond to comments, messages, and mentions on the companys social media platforms. Engage with followers and address any customer inquiries.', '2024-07-02 11:44:43', NULL, NULL, 'pending', 0, NULL, '2024-07-08 11:00:00', NULL, 19),
(69, 1, 'Perform System Backup', 'Execute a full backup of the companys data and systems. Verify that all critical information is securely stored and accessible in case of a system failure.', '2024-07-02 11:45:01', NULL, NULL, 'pending', 0, NULL, '2024-07-12 12:00:00', NULL, 20),
(70, 1, 'Draft Annual Budget Plan', 'Work with department heads to outline the budget for the upcoming year. Include projected expenses, revenue forecasts, and resource allocations.', '2024-07-02 11:45:20', NULL, NULL, 'pending', 0, NULL, '2024-07-04 11:00:00', NULL, 2),
(71, 1, 'Conduct Market Research', 'Gather and analyze data on industry trends, competitors, and customer preferences. Prepare a report summarizing the findings and insights for the marketing team.', '2024-07-02 11:45:48', NULL, NULL, 'pending', 0, NULL, '2024-07-31 12:00:00', NULL, 18),
(72, 1, 'Update Website Content', 'Review and revise the content on the companys website. Ensure all information is current, accurate, and aligns with the companys branding and messaging.', '2024-07-02 11:45:59', NULL, NULL, 'pending', 0, NULL, '2024-07-10 12:00:00', NULL, 19),
(73, 4, 'Process Payroll', 'Calculate employee salaries, deduct taxes, and process payments. Ensure all payroll activities comply with legal and regulatory requirements.', '2024-07-02 11:46:34', '2024-07-12 09:37:09', '2024-07-12 09:37:09', 'done', 0, NULL, '2024-07-11 12:00:00', NULL, 1),
(74, 20, 'Plan Office Event', 'Organize and coordinate an office event, such as a team-building activity or holiday party. Manage the budget, venue, catering, and invitations.', '2024-07-02 11:47:09', '2024-07-12 11:31:35', '2024-07-12 11:31:35', 'done', 0, NULL, '2024-07-13 10:00:00', NULL, 3),
(75, 18, 'Manage Email Campaign', 'Design and send out an email marketing campaign. Track open rates, click-through rates, and overall engagement to assess the campaign\'s effectiveness.', '2024-07-02 11:47:33', '2024-07-11 07:18:23', '2024-07-11 07:18:23', 'done', 0, NULL, '2024-07-27 16:00:00', NULL, 1),
(76, 3, 'Palit Chicken Proven', 'Tabok sa atbang, buy chicken proven with spicy sauce.', '2024-07-02 11:56:32', '2024-07-12 11:31:32', '2024-07-12 11:31:32', 'done', 0, NULL, '2024-07-02 16:00:00', NULL, 1),
(77, 1, 'Test team', 'Test team task', '2024-07-03 02:55:21', '2024-07-12 11:26:28', NULL, 'in_progress', 0, NULL, '2024-07-12 12:00:00', 2, NULL),
(88, 1, 'Stocks Delivery', 'Deliver B00000012 to Talisay Office.', '2024-07-12 11:50:36', '2024-07-12 11:51:41', '2024-07-12 11:51:41', 'done', 0, NULL, NULL, NULL, 4),
(89, 1, 'Stocks Delivery', 'Deliver B00000013 to Mactan Office.', '2024-07-12 11:55:52', '2024-07-16 08:25:23', '2024-07-16 08:25:23', 'done', 0, NULL, NULL, NULL, 4),
(90, 1, 'Stocks Delivery', 'Deliver B00000014 to Keppel Office.', '2024-07-15 03:49:12', '2024-07-15 03:52:15', '2024-07-15 03:52:15', 'done', 0, NULL, NULL, NULL, 4),
(91, 1, 'Stocks Delivery', 'Deliver B00000015 to Talisay Office.', '2024-07-16 03:37:50', '2024-07-16 08:19:37', '2024-07-16 08:19:37', 'done', 0, NULL, NULL, NULL, 4),
(92, 1, 'Stocks Delivery', 'Deliver B00000016 to Keppel Office.', '2024-07-16 05:56:41', '2024-07-16 08:32:58', '2024-07-16 08:32:58', 'done', 0, NULL, NULL, NULL, 4),
(93, 1, 'Stocks Delivery', 'Deliver B00000017 to Keppel Office.', '2024-07-16 07:50:30', '2024-07-16 08:32:59', '2024-07-16 08:32:59', 'done', 0, NULL, NULL, NULL, 4),
(94, 1, 'Stocks Approval', 'Stock batch number B00000018 is pending for approval.', '2024-07-16 07:54:18', NULL, NULL, 'pending', 0, NULL, NULL, NULL, 30),
(95, 1, 'Stocks Approval', 'Stock batch number B00000019 is pending for approval.', '2024-07-16 08:03:59', NULL, NULL, 'pending', 0, NULL, NULL, NULL, 30),
(100, 1, 'Stocks Approval for Keppel Office', 'Stock batch number B00000028 currently pending approval. Please review and approve at your earliest convenience.', '2024-07-17 05:15:50', NULL, NULL, 'pending', 0, NULL, NULL, NULL, 30);

-- --------------------------------------------------------

--
-- Table structure for table `team`
--

CREATE TABLE `team` (
  `team_id` int(10) UNSIGNED NOT NULL,
  `team_name` varchar(100) NOT NULL
) ENGINE=InnoDB DEFAULT CHARSET=utf8mb4;

--
-- Dumping data for table `team`
--

INSERT INTO `team` (`team_id`, `team_name`) VALUES
(1, 'Oldies'),
(2, 'Newbies'),
(3, 'Stock Stalkers'),
(4, 'SuperMANS');

-- --------------------------------------------------------

--
-- Table structure for table `users`
--

CREATE TABLE `users` (
  `user_id` int(10) UNSIGNED NOT NULL,
  `user_first_name` varchar(30) NOT NULL,
  `user_last_name` varchar(30) NOT NULL,
  `user_email` varchar(50) NOT NULL,
  `user_password` varchar(100) NOT NULL,
  `user_created_at` datetime DEFAULT NULL,
  `team_id` int(10) UNSIGNED DEFAULT NULL,
  `user_type_id` int(10) UNSIGNED DEFAULT NULL,
  `user_status` int(10) NOT NULL,
  `user_location_id` int(10) UNSIGNED DEFAULT NULL,
  `user_deleted_at` datetime DEFAULT NULL,
  `user_updated_at` datetime DEFAULT NULL
) ENGINE=InnoDB DEFAULT CHARSET=utf8mb4;

--
-- Dumping data for table `users`
--

INSERT INTO `users` (`user_id`, `user_first_name`, `user_last_name`, `user_email`, `user_password`, `user_created_at`, `team_id`, `user_type_id`, `user_status`, `user_location_id`, `user_deleted_at`, `user_updated_at`) VALUES
(1, 'Miguel', 'Trinidad', 'miguel@email.com', '$2y$10$XysJgs0q9N9bLzk4rBtniO/F8Fvt2bptJk6hqkijTYFDOQ0T4KhTq', '2024-06-24 04:19:29', 2, 1, 0, 32, NULL, '2024-07-12 08:20:42'),
(2, 'Mark', 'Tablada', 'marktabs@email.com', '$2y$10$bfgrTzaLDuFAl3ajTlAmouWA0Sz7guJsj2YzF/tGcMww7qwTiKPYi', '2024-06-24 04:21:48', 3, 3, 0, 32, NULL, '2024-07-12 07:55:48'),
(3, 'Jerold', 'Lord', 'jerry@email.com', '$2y$10$oDXsWjSzdw5eGe6eJrIgbuC/hAzKXqT4WAhY/xlvxndUrhpuykegi', '2024-06-24 07:23:51', 2, 2, 0, 32, NULL, '2024-07-10 09:45:44'),
(4, 'Archer', 'Pizon', 'archer@email.com', '$2y$10$fsIWkbsqATDyXq7Zu.DrjOiFCLOu7c8xTZblSSW3uhamGvs/TJPSi', '2024-06-25 07:57:09', 3, 3, 0, 32, NULL, '2024-07-12 07:55:06'),
(18, 'Sittie', 'Almiah', 'sittie@email.com', '$2y$10$sXVbvSg/oAMAahJKd81nIeAepXAqCJtJV6q1ifBLYpukmkNsKXhXq', '2024-06-27 04:58:23', 1, 2, 0, 32, NULL, '2024-07-10 09:45:57'),
(19, 'Emmanuel', 'Angelo', 'emman@email.com', '$2y$10$bdKgxSlioRCY8amIP/qG0eWoAbbjjGzX1v/lSQNybJerhZ5q9w6yS', '2024-06-27 04:59:39', 1, 2, 0, 32, NULL, '2024-07-10 09:45:36'),
(20, 'Supervisor', 'Vincent', 'supervisor@email.com', '$2y$10$ETn9ln/vP0XHoGQZ0vm2QOdC14LFJCo9yYQ7d07QiUebNQxeNN0Bm', '2024-07-01 08:04:06', 1, 2, 0, 32, NULL, '2024-07-10 09:46:00'),
(29, 'Test', 'User', 'test@email.com', '$2y$10$qQj6FccJP8SgxzlZKGs49O8SJ4FW3LsJdFKEPQ7FD/4h9R.TGPNny', '2024-07-10 09:46:54', 1, 2, 0, 36, NULL, '2024-07-10 09:47:41'),
(30, 'Warehouse ', 'Manager', 'whsmngr@email.com', '$2y$10$3ID0TN.MFbqFH8EPjiZ8H.wJI69x5BULgC2His22HLpQ96Drp.mgS', '2024-07-12 08:20:13', 4, 4, 0, 35, NULL, NULL),
(31, 'Test ', 'Admin', 'testadmin@email.com', '$2y$10$i8xQfvQigBMIV4SBwl.Nj.IlvIw2nVcxGqcTu.LNdJjMMtpXnNJFK', '2024-07-17 04:44:18', 1, 1, 0, 36, NULL, NULL);

-- --------------------------------------------------------

--
-- Table structure for table `user_contacts`
--

CREATE TABLE `user_contacts` (
  `user_id` int(10) UNSIGNED NOT NULL,
  `contact_id` int(10) UNSIGNED NOT NULL
) ENGINE=InnoDB DEFAULT CHARSET=utf8mb4;

--
-- Dumping data for table `user_contacts`
--

INSERT INTO `user_contacts` (`user_id`, `contact_id`) VALUES
(1, 2),
(1, 3),
(2, 3),
(1, 4),
(2, 4),
(2, 4),
(2, 4),
(1, 5),
(2, 5),
(1, 6),
(2, 6),
(1, 7),
(1, 8),
(2, 8),
(2, 8),
(1, 9),
(1, 10),
(1, 11),
(1, 12),
(2, 13),
(2, 14),
(1, 15),
(1, 16),
(1, 17),
(1, 18),
(1, 19),
(1, 20),
(2, 21),
(1, 22),
(3, 23),
(3, 24),
(1, 25),
(2, 26),
(1, 27),
(1, 28),
(1, 29),
(1, 30),
(1, 31),
(2, 32),
(1, 33),
(1, 34),
(2, 35),
(3, 36),
(4, 37),
(1, 38),
(1, 39),
(1, 40),
(4, 41),
(2, 42),
(2, 43),
(2, 44),
(1, 45),
(1, 46),
(2, 49),
(1, 54),
(1, 55),
(4, 56),
(4, 57),
(1, 58),
(1, 59),
(1, 60),
(1, 61),
(1, 62),
(4, 63),
(4, 64),
(4, 65),
(4, 66),
(4, 67),
(4, 68),
(4, 69),
(4, 70),
(4, 71),
(4, 72),
(4, 73),
(4, 74),
(4, 75),
(4, 76),
(4, 77),
(4, 78),
(1, 79),
(4, 80),
(1, 81),
(1, 82),
(1, 83),
(1, 84),
(1, 85),
(1, 86),
(4, 87),
(4, 88),
(4, 89),
(4, 90),
(4, 91),
(19, 92),
(19, 93),
(18, 94),
(18, 95),
(4, 96),
(4, 97),
(4, 98);

-- --------------------------------------------------------

--
-- Table structure for table `user_tasks`
--

CREATE TABLE `user_tasks` (
  `task_id` int(10) UNSIGNED NOT NULL,
  `task_assigned_to_user` int(10) UNSIGNED DEFAULT NULL,
  `task_assigned_by` int(10) UNSIGNED NOT NULL,
  `task_assigned_to_team` int(10) UNSIGNED DEFAULT NULL
) ENGINE=InnoDB DEFAULT CHARSET=utf8mb4;

--
-- Dumping data for table `user_tasks`
--

INSERT INTO `user_tasks` (`task_id`, `task_assigned_to_user`, `task_assigned_by`, `task_assigned_to_team`) VALUES
(62, 19, 1, NULL),
(63, 20, 1, NULL),
(64, 2, 1, NULL),
(65, 18, 1, NULL),
(66, 4, 1, NULL),
(67, 3, 1, NULL),
(68, 19, 1, NULL),
(69, 20, 1, NULL),
(70, 2, 1, NULL),
(71, 18, 1, NULL),
(72, 19, 1, NULL),
(73, 1, 4, NULL),
(74, 1, 20, NULL),
(75, 1, 18, NULL),
(76, 1, 3, NULL),
(77, NULL, 1, 2),
(88, 4, 1, NULL),
(89, 4, 1, NULL),
(90, 4, 1, NULL),
(91, 4, 1, NULL),
(92, 4, 1, NULL),
(93, 4, 1, NULL),
(94, 30, 1, NULL),
(95, 30, 1, NULL),
(100, 30, 1, NULL);

-- --------------------------------------------------------

--
-- Table structure for table `user_type`
--

CREATE TABLE `user_type` (
  `user_type_id` int(10) UNSIGNED NOT NULL,
  `user_type_name` varchar(50) NOT NULL
) ENGINE=InnoDB DEFAULT CHARSET=utf8mb4;

--
-- Dumping data for table `user_type`
--

INSERT INTO `user_type` (`user_type_id`, `user_type_name`) VALUES
(1, 'Admin'),
(2, 'Employee'),
(3, 'Courier'),
(4, 'Manager');

-- --------------------------------------------------------

--
-- Table structure for table `warehouses`
--

CREATE TABLE `warehouses` (
  `wh_id` int(10) UNSIGNED NOT NULL,
  `wh_name` varchar(255) NOT NULL,
  `wh_address` varchar(255) NOT NULL,
  `supplier_id` int(10) UNSIGNED NOT NULL
) ENGINE=InnoDB DEFAULT CHARSET=utf8mb4;

--
-- Dumping data for table `warehouses`
--

INSERT INTO `warehouses` (`wh_id`, `wh_name`, `wh_address`, `supplier_id`) VALUES
(1, 'NBS Talisay Warehouse', 'Talisay City, Cebu', 40),
(2, 'NBS Mandaue Warehouse', 'Mandaue City, Cebu', 40),
(3, 'OW Cebu City Warehouse', 'Cebu City, Cebu', 41),
(4, 'OW Lapu-Lapu Warehouse', 'Lapu-Lapu City, Cebu', 41),
(5, 'SMS Carcar Warehouse', 'Carcar City, Cebu', 42),
(6, 'SMS Danao Warehouse', 'Danao City, Cebu', 42),
(7, 'PCE Talisay Warehouse', 'Talisay City, Cebu', 43),
(8, 'PCE Mandaue Warehouse', 'Mandaue City, Cebu', 43),
(9, 'ABS Cebu City Warehouse', 'Cebu City, Cebu', 44),
(10, 'ABS Lapu-Lapu Warehouse', 'Lapu-Lapu City, Cebu', 44),
(11, 'CDRK Carcar Warehouse', 'Carcar City, Cebu', 45),
(12, 'CDRK Danao Warehouse', 'Danao City, Cebu', 45),
(13, 'SPH Talisay Warehouse', 'Talisay City, Cebu', 46),
(14, 'SPH Mandaue Warehouse', 'Mandaue City, Cebu', 46),
(15, 'PCC Cebu City Warehouse', 'Cebu City, Cebu', 47),
(16, 'PCC Lapu-Lapu Warehouse', 'Lapu-Lapu City, Cebu', 47),
(17, 'OTC Carcar Warehouse', 'Carcar City, Cebu', 48),
(18, 'OTC Danao Warehouse', 'Danao City, Cebu', 48),
(19, 'CSS Talisay Warehouse', 'Talisay City, Cebu', 49),
(20, 'CSS Mandaue Warehouse', 'Mandaue City, Cebu', 49),
(21, 'JSI Cebu City Warehouse', 'Cebu City, Cebu', 50),
(22, 'JSI Lapu-Lapu Warehouse', 'Lapu-Lapu City, Cebu', 50),
(23, 'CTS Carcar Warehouse', 'Carcar City, Cebu', 51),
(24, 'CTS Danao Warehouse', 'Danao City, Cebu', 51),
(25, 'FO Talisay Warehouse', 'Talisay City, Cebu', 52),
(26, 'FO Mandaue Warehouse', 'Mandaue City, Cebu', 52),
(27, 'OI Cebu City Warehouse', 'Cebu City, Cebu', 53),
(28, 'OI Lapu-Lapu Warehouse', 'Lapu-Lapu City, Cebu', 53),
(29, 'WS Carcar Warehouse', 'Carcar City, Cebu', 54),
(30, 'WS Danao Warehouse', 'Danao City, Cebu', 54),
(31, 'EOS Talisay Warehouse', 'Talisay City, Cebu', 55),
(32, 'EOS Mandaue Warehouse', 'Mandaue City, Cebu', 55),
(33, 'PCW Cebu City Warehouse', 'Cebu City, Cebu', 56),
(34, 'PCW Lapu-Lapu Warehouse', 'Lapu-Lapu City, Cebu', 56),
(35, 'VMC Carcar Warehouse', 'Carcar City, Cebu', 57),
(36, 'VMC Danao Warehouse', 'Danao City, Cebu', 57),
(37, 'EW Talisay Warehouse', 'Talisay City, Cebu', 58),
(38, 'EW Mandaue Warehouse', 'Mandaue City, Cebu', 58),
(39, 'SVCG Cebu City Warehouse', 'Cebu City, Cebu', 59),
(40, 'SVCG Lapu-Lapu Warehouse', 'Lapu-Lapu City, Cebu', 59);

--
-- Indexes for dumped tables
--

--
-- Indexes for table `categories`
--
ALTER TABLE `categories`
  ADD PRIMARY KEY (`category_id`),
  ADD KEY `category_added_by` (`category_added_by`),
  ADD KEY `fk_category_location` (`category_location_id`);

--
-- Indexes for table `contacts`
--
ALTER TABLE `contacts`
  ADD PRIMARY KEY (`contact_id`),
  ADD KEY `user_id` (`user_id`);

--
-- Indexes for table `inventory`
--
ALTER TABLE `inventory`
  ADD PRIMARY KEY (`inv_id`),
  ADD KEY `inv_assigned_to` (`inv_assigned_to`),
  ADD KEY `inv_added_by` (`inv_added_by`),
  ADD KEY `inventory_ibfk_1` (`inv_tracking_id`),
  ADD KEY `fk_inv_warehouse_id` (`inv_warehouse_id`);

--
-- Indexes for table `inventory_tracking`
--
ALTER TABLE `inventory_tracking`
  ADD PRIMARY KEY (`inv_trk_id`),
  ADD UNIQUE KEY `inv_trk_batch_num` (`inv_trk_batch_num`),
  ADD KEY `fk_location_id` (`inv_trk_location_id`),
  ADD KEY `fk_supplier_id` (`inv_trk_supplier_id`),
  ADD KEY `fk_added_by` (`inv_trk_added_by`),
  ADD KEY `fk_inv_trk_warehouse_id` (`inv_trk_warehouse_id`),
  ADD KEY `fk_inv_trk_courier` (`inv_trk_courier`),
  ADD KEY `fk_inv_trk_task_id` (`inv_trk_task_id`);

--
-- Indexes for table `items`
--
ALTER TABLE `items`
  ADD PRIMARY KEY (`item_id`),
  ADD KEY `fk_category` (`item_category_id`),
  ADD KEY `fk_location` (`item_location_id`),
  ADD KEY `fk_user` (`item_added_by`);

--
-- Indexes for table `locations`
--
ALTER TABLE `locations`
  ADD PRIMARY KEY (`location_id`),
  ADD KEY `location_added_by` (`location_added_by`);

--
-- Indexes for table `report_logs`
--
ALTER TABLE `report_logs`
  ADD PRIMARY KEY (`rlog_id`),
  ADD KEY `rlog_item_id` (`rlog_item_id`),
  ADD KEY `rlog_added_by` (`rlog_added_by`),
  ADD KEY `fk_rlog_location` (`rlog_location_id`);

--
-- Indexes for table `suppliers`
--
ALTER TABLE `suppliers`
  ADD PRIMARY KEY (`supplier_id`),
  ADD KEY `supplier_added_by` (`supplier_added_by`);

--
-- Indexes for table `tasks`
--
ALTER TABLE `tasks`
  ADD PRIMARY KEY (`task_id`),
  ADD KEY `task_assigned_by` (`task_assigned_by`),
  ADD KEY `task_assigned_to_team` (`task_assigned_to_team`),
  ADD KEY `task_assigned_to_user` (`task_assigned_to_user`);

--
-- Indexes for table `team`
--
ALTER TABLE `team`
  ADD PRIMARY KEY (`team_id`);

--
-- Indexes for table `users`
--
ALTER TABLE `users`
  ADD PRIMARY KEY (`user_id`),
  ADD KEY `fk_team` (`team_id`),
  ADD KEY `fk_user_type` (`user_type_id`),
  ADD KEY `fk_user_location` (`user_location_id`);

--
-- Indexes for table `user_contacts`
--
ALTER TABLE `user_contacts`
  ADD KEY `user_id` (`user_id`),
  ADD KEY `contact_id` (`contact_id`);

--
-- Indexes for table `user_tasks`
--
ALTER TABLE `user_tasks`
  ADD KEY `task_assigned_to` (`task_assigned_to_user`),
  ADD KEY `task_assigned_by` (`task_assigned_by`),
  ADD KEY `task_id` (`task_id`),
  ADD KEY `fk_user_tasks_assigned_to_team` (`task_assigned_to_team`);

--
-- Indexes for table `user_type`
--
ALTER TABLE `user_type`
  ADD PRIMARY KEY (`user_type_id`);

--
-- Indexes for table `warehouses`
--
ALTER TABLE `warehouses`
  ADD PRIMARY KEY (`wh_id`),
  ADD KEY `supplier_id` (`supplier_id`);

--
-- AUTO_INCREMENT for dumped tables
--

--
-- AUTO_INCREMENT for table `categories`
--
ALTER TABLE `categories`
  MODIFY `category_id` int(10) UNSIGNED NOT NULL AUTO_INCREMENT, AUTO_INCREMENT=63;

--
-- AUTO_INCREMENT for table `contacts`
--
ALTER TABLE `contacts`
  MODIFY `contact_id` int(10) UNSIGNED NOT NULL AUTO_INCREMENT, AUTO_INCREMENT=99;

--
-- AUTO_INCREMENT for table `inventory`
--
ALTER TABLE `inventory`
  MODIFY `inv_id` int(10) UNSIGNED NOT NULL AUTO_INCREMENT, AUTO_INCREMENT=1329;

--
-- AUTO_INCREMENT for table `inventory_tracking`
--
ALTER TABLE `inventory_tracking`
  MODIFY `inv_trk_id` int(10) UNSIGNED NOT NULL AUTO_INCREMENT, AUTO_INCREMENT=75;

--
-- AUTO_INCREMENT for table `items`
--
ALTER TABLE `items`
  MODIFY `item_id` int(10) UNSIGNED NOT NULL AUTO_INCREMENT, AUTO_INCREMENT=121;

--
-- AUTO_INCREMENT for table `locations`
--
ALTER TABLE `locations`
  MODIFY `location_id` int(10) UNSIGNED NOT NULL AUTO_INCREMENT, AUTO_INCREMENT=37;

--
-- AUTO_INCREMENT for table `report_logs`
--
ALTER TABLE `report_logs`
  MODIFY `rlog_id` int(10) UNSIGNED NOT NULL AUTO_INCREMENT, AUTO_INCREMENT=10;

--
-- AUTO_INCREMENT for table `suppliers`
--
ALTER TABLE `suppliers`
  MODIFY `supplier_id` int(10) UNSIGNED NOT NULL AUTO_INCREMENT, AUTO_INCREMENT=60;

--
-- AUTO_INCREMENT for table `tasks`
--
ALTER TABLE `tasks`
  MODIFY `task_id` int(10) UNSIGNED NOT NULL AUTO_INCREMENT, AUTO_INCREMENT=101;

--
-- AUTO_INCREMENT for table `team`
--
ALTER TABLE `team`
  MODIFY `team_id` int(10) UNSIGNED NOT NULL AUTO_INCREMENT, AUTO_INCREMENT=5;

--
-- AUTO_INCREMENT for table `users`
--
ALTER TABLE `users`
  MODIFY `user_id` int(10) UNSIGNED NOT NULL AUTO_INCREMENT, AUTO_INCREMENT=32;

--
-- AUTO_INCREMENT for table `user_type`
--
ALTER TABLE `user_type`
  MODIFY `user_type_id` int(10) UNSIGNED NOT NULL AUTO_INCREMENT, AUTO_INCREMENT=5;

--
-- AUTO_INCREMENT for table `warehouses`
--
ALTER TABLE `warehouses`
  MODIFY `wh_id` int(10) UNSIGNED NOT NULL AUTO_INCREMENT, AUTO_INCREMENT=41;

--
-- Constraints for dumped tables
--

--
-- Constraints for table `categories`
--
ALTER TABLE `categories`
  ADD CONSTRAINT `categories_ibfk_1` FOREIGN KEY (`category_added_by`) REFERENCES `users` (`user_id`),
  ADD CONSTRAINT `fk_category_location` FOREIGN KEY (`category_location_id`) REFERENCES `locations` (`location_id`);

--
-- Constraints for table `contacts`
--
ALTER TABLE `contacts`
  ADD CONSTRAINT `contacts_ibfk_1` FOREIGN KEY (`user_id`) REFERENCES `users` (`user_id`);

--
-- Constraints for table `inventory`
--
ALTER TABLE `inventory`
  ADD CONSTRAINT `fk_inv_warehouse_id` FOREIGN KEY (`inv_warehouse_id`) REFERENCES `warehouses` (`wh_id`),
  ADD CONSTRAINT `inventory_ibfk_1` FOREIGN KEY (`inv_tracking_id`) REFERENCES `inventory_tracking` (`inv_trk_batch_num`),
  ADD CONSTRAINT `inventory_ibfk_2` FOREIGN KEY (`inv_assigned_to`) REFERENCES `locations` (`location_id`),
  ADD CONSTRAINT `inventory_ibfk_3` FOREIGN KEY (`inv_added_by`) REFERENCES `users` (`user_id`);

--
-- Constraints for table `inventory_tracking`
--
ALTER TABLE `inventory_tracking`
  ADD CONSTRAINT `fk_added_by` FOREIGN KEY (`inv_trk_added_by`) REFERENCES `users` (`user_id`),
  ADD CONSTRAINT `fk_inv_trk_courier` FOREIGN KEY (`inv_trk_courier`) REFERENCES `users` (`user_id`),
  ADD CONSTRAINT `fk_inv_trk_task_id` FOREIGN KEY (`inv_trk_task_id`) REFERENCES `tasks` (`task_id`),
  ADD CONSTRAINT `fk_inv_trk_warehouse_id` FOREIGN KEY (`inv_trk_warehouse_id`) REFERENCES `warehouses` (`wh_id`),
  ADD CONSTRAINT `fk_location_id` FOREIGN KEY (`inv_trk_location_id`) REFERENCES `locations` (`location_id`),
  ADD CONSTRAINT `fk_supplier_id` FOREIGN KEY (`inv_trk_supplier_id`) REFERENCES `suppliers` (`supplier_id`);

--
-- Constraints for table `items`
--
ALTER TABLE `items`
  ADD CONSTRAINT `fk_category` FOREIGN KEY (`item_category_id`) REFERENCES `categories` (`category_id`),
  ADD CONSTRAINT `fk_location` FOREIGN KEY (`item_location_id`) REFERENCES `locations` (`location_id`),
  ADD CONSTRAINT `fk_user` FOREIGN KEY (`item_added_by`) REFERENCES `users` (`user_id`);

--
-- Constraints for table `locations`
--
ALTER TABLE `locations`
  ADD CONSTRAINT `locations_ibfk_1` FOREIGN KEY (`location_added_by`) REFERENCES `users` (`user_id`);

--
-- Constraints for table `report_logs`
--
ALTER TABLE `report_logs`
  ADD CONSTRAINT `fk_rlog_location` FOREIGN KEY (`rlog_location_id`) REFERENCES `locations` (`location_id`),
  ADD CONSTRAINT `report_logs_ibfk_1` FOREIGN KEY (`rlog_item_id`) REFERENCES `items` (`item_id`),
  ADD CONSTRAINT `report_logs_ibfk_2` FOREIGN KEY (`rlog_added_by`) REFERENCES `users` (`user_id`);

--
-- Constraints for table `suppliers`
--
ALTER TABLE `suppliers`
  ADD CONSTRAINT `suppliers_ibfk_1` FOREIGN KEY (`supplier_added_by`) REFERENCES `users` (`user_id`);

--
-- Constraints for table `tasks`
--
ALTER TABLE `tasks`
  ADD CONSTRAINT `tasks_ibfk_2` FOREIGN KEY (`task_assigned_by`) REFERENCES `users` (`user_id`),
  ADD CONSTRAINT `tasks_ibfk_3` FOREIGN KEY (`task_assigned_to_team`) REFERENCES `team` (`team_id`),
  ADD CONSTRAINT `tasks_ibfk_4` FOREIGN KEY (`task_assigned_to_user`) REFERENCES `users` (`user_id`);

--
-- Constraints for table `users`
--
ALTER TABLE `users`
  ADD CONSTRAINT `fk_team` FOREIGN KEY (`team_id`) REFERENCES `team` (`team_id`),
  ADD CONSTRAINT `fk_user_location` FOREIGN KEY (`user_location_id`) REFERENCES `locations` (`location_id`),
  ADD CONSTRAINT `fk_user_type` FOREIGN KEY (`user_type_id`) REFERENCES `user_type` (`user_type_id`);

--
-- Constraints for table `user_contacts`
--
ALTER TABLE `user_contacts`
  ADD CONSTRAINT `user_contacts_ibfk_1` FOREIGN KEY (`user_id`) REFERENCES `users` (`user_id`),
  ADD CONSTRAINT `user_contacts_ibfk_2` FOREIGN KEY (`contact_id`) REFERENCES `contacts` (`contact_id`);

--
-- Constraints for table `user_tasks`
--
ALTER TABLE `user_tasks`
  ADD CONSTRAINT `fk_user_tasks_assigned_to_team` FOREIGN KEY (`task_assigned_to_team`) REFERENCES `team` (`team_id`),
  ADD CONSTRAINT `fk_user_tasks_assigned_to_user` FOREIGN KEY (`task_assigned_to_user`) REFERENCES `users` (`user_id`),
  ADD CONSTRAINT `user_tasks_ibfk_3` FOREIGN KEY (`task_id`) REFERENCES `tasks` (`task_id`);

--
-- Constraints for table `warehouses`
--
ALTER TABLE `warehouses`
  ADD CONSTRAINT `warehouses_ibfk_1` FOREIGN KEY (`supplier_id`) REFERENCES `suppliers` (`supplier_id`);
COMMIT;

/*!40101 SET CHARACTER_SET_CLIENT=@OLD_CHARACTER_SET_CLIENT */;
/*!40101 SET CHARACTER_SET_RESULTS=@OLD_CHARACTER_SET_RESULTS */;
/*!40101 SET COLLATION_CONNECTION=@OLD_COLLATION_CONNECTION */;
